答問,1
時光飛逝,1
視而不見,1
行爲,1
怨氣,1
定下,1
列表,1
人面對面坐,1
克,1
又一城,1
靚,1
張開長方形,1
貼長方形,1
在下位的,1
星巴克,1
噴漆,1
招牌,1
中間,1
旅遊巴到,1
飛機滑行,1
旅遊巴來去,1
大人,1
八達通,1
顯徑,1
極端,1
武,1
差距大,1
差距收窄,1
意兒子,1
一共,1
多區,1
這個團體,1
給他們,1
簡單地説,1
互相關連,1
電單車行駛,1
車開走,1
美國護照,1
車駛走,1
車行駛,1
禁,1
穿着背心,1
戴着頭盔,1
全套衣物,1
緬甸,1
山火,1
拖車,1
請看右邊,1
小規模爆發,1
便衣,1
抬擔架,1
抬上,1
走向前,1
對峙,1
分成兩邊,1
行駛,1
車撞過去,1
防毒面具,1
感,1
合符,1
條約,1
飛機到達,1
發源,1
更好,1
喫不消,1
甚麼時候,1
油油漆,1
不太好,1
交給政府,1
交給大家,1
浙,1
北京西,1
從這個地方擴散出去,1
自己想,1
升降,1
不定,1
辯駁,1
證件,1
給她,1
調遷,1
賭博,1
限制不會,1
積存,1
房子,1
多個區域,1
責罵我,1
沒所謂,1
籐,1
射水喉,1
滅,1
對立,1
鄺,1
不斷改變,1
有關聯,1
找來,1
律,1
烏克蘭,1
扣起,1
獨行俠,1
攔截,1
分球,1
入樽,1
奪取,1
最尾,1
連勝,1
每小時,1
收費,1
入油,1
越減越少,1
飛走,1
爺爺,1
飛機場,1
坐上飛機,1
套上,1
售罄,1
化妝品,1
受感染,1
再升級,1
瞄準,1
護目鏡,1
發熱,1
打噴嚏,1
大馬,1
關聯,1
有檔,1
垃圾桶,1
蚊,1
農曆,1
有檔販,1
掛,1
初一,1
圍枱,1
熱鬧,1
擔架,1
初三,1
例,1
時間表,1
年初四,1
退票,1
摸門釘,1
纜車,1
賣票,1
緩解,1
出動,1
障礙物,1
駛過,1
駛,1
海關,1
煩,1
製成,1
年年,1
拳手,1
驕傲,1
仰慕,1
清晨,1
玫瑰,1
花瓣,1
直通車,1
防何,1
爭,1
人湧,1
迷失,1
籃球場,1
測驗,1
用光,1
鰂魚湧,1
康山,1
鑽石山,1
撒,1
返工,1
擔任,1
推開,1
倒地,1
石硤尾,1
空白,1
上期,1
西藏,1
芬蘭,1
給面子,1
照顧我,1
好不好,1
沒貨了,1
日內瓦,1
解除合作關係,1
多間銀行,1
名字字,1
帶到,1
鹹魚,1
無論,1
多人排隊,1
杯麵,1
興奮,1
妝,1
茘枝角,1
旅舍,1
申,1
隠瞞,1
有闗,1
一起向前,1
熱烈,1
西蘭,1
盟,1
昆蟲,1
有限,1
湖L,1
鹹,1
拋棄,1
旅團,1
讓給,1
棺木,1
揼釘,1
順序,1
模範,1
治,1
隔絕,1
瞪眼,1
右手,1
左手,1
託付,1
主角,1
怎算,1
贊同,1
罷了,1
耳探,1
社會福利署,1
橫式,1
從來,1
注,1
蓋上,1
廁板,1
窄,1
牙刷,1
開關,1
撐不下去,1
搬移,1
外國人,1
越多,1
流入,1
睡房,1
沖繩,1
香港人,1
色,1
腳軟,1
火焰,1
禮貌,1
某事,1
對象,1
茘景,1
湧現,1
誠,1
則,1
缺勤,1
叩門,1
開門柄,1
住家,1
人湧上來,1
打蛇餅,1
面對面,1
直向,1
龍頭,1
龍尾,1
抱,1
厠紙,1
女性,1
衞生巾,1
維多利亞,1
瑞典,1
沙沙,1
小鳥,1
珼,1
送上,1
展現,1
一起來,1
覆診,1
拿不到,1
流眼淚,1
取不到,1
不走,1
連鎖,1
門外,1
盧,1
飛沫,1
折返,1
吹起,1
挾持,1
戴著頭盔,1
發訊息,1
追踨,1
積蓄,1
宅,1
保護身體裝備,1
存,1
廿幾,1
謝謝,1
喝酒,1
得獎,1
水渠,1
劃,1
理工,1
看字幕,1
芬,1
骨,1
睇,1
螢,1
幕,1
由,1
餵奶,1
伯,1
聯合國,1
葡萄,1
衝浪者,1
擊中,1
昏迷,1
復課,1
小六,1
圈子,1
面試,1
開香檳,1
留存,1
烏溪沙,1
協,1
拍成,1
窒息,1
掛牌,1
落下,1
拖行李,1
心驚,1
全身防護裝備,1
徒,1
身體污染,1
校車,1
保母,1
有沒,1
無聊,1
行開,1
好嗎,1
重疊,1
不明白發生何故,1
獲準,1
得奬,1
奬牌,1
獲勝,1
不明白會這樣,1
也,1
下機,1
申報,1
賊,1
告示,1
打探熱,1
體溫,1
談話近,1
幾下,1
跟進,1
外人,1
彌撒,1
撥給,1
密密麻麻,1
露臺,1
出城,1
圍住,1
鼻道,1
自由行,1
開視像,1
去過,1
實,1
聊電話,1
天主教,1
基督,1
用了,1
想辨法,1
供給,1
圓形,1
目錄,1
出產,1
迷你,1
月亮,1
右腳,1
抽筋,1
上庭,1
暫,1
陽,1
受壓,1
淡,1
甚麼意思,1
辣,1
開喉,1
熄滅,1
單車,1
大聲,1
磅,1
厚,1
廟宇,1
開火,1
打受傷,1
淚,1
退後,1
慧,1
官塘,1
解剖,1
飯盒,1
贊助,1
投,1
大邱,1
講道,1
就任,1
上山,1
下山,1
行來行去,1
喘氣,1
延改,1
秋天,1
原諒,1
應用程式,1
宣,1
誓,1
馬哈,1
出賣,1
護,1
放工,1
戴眼罩,1
離婚,1
人主,1
牆,1
先生,1
自殺,1
看大家,1
落機,1
檢查身體,1
螺絲,1
距,1
名名,1
蝕,1
追討,1
付給,1
抵,1
主持人,1
傭人,1
鐵路,1
同伴,1
嚴管,1
竟然,1
停辦,1
創新,1
按掣,1
訟費,1
牠,1
抵達,1
被安排,1
回想,1
拿行李,1
聾人,1
上機,1
起程,1
區議員,1
攻擊,1
偏袒,1
不知所謂,1
自助餐,1
印,1
手臂,1
估到,1
開玩笑,1
字典,1
巡視,1
晩上,1
自願,1
補選,1
親生,1
會長,1
盒裝,1
參閱,1
拖著,1
指定,1
福建,1
泉州,1
揹包,1
制服,1
按了,1
泉,1
被困,1
安撫,1
心態,1
跨欄,1
享受,1
院,1
三藩巿,1
驚,1
入去,1
瞎搞,1
有能力,1
恐,1
喧嘩,1
圍著,1
演習,1
望遠鏡,1
察看,1
攤檔,1
前線,1
總領事館,1
被派來,1
輻射,1
隔日,1
餵,1
選定,1
藥效,1
能否,1
奧運會,1
駐港總,1
領使館,1
郵輪,1
當局,1
大部分,1
康復者,1
特區,1
拳王,1
私立,1
留位,1
款,1
轉校,1
默哀,1
列入名單,1
斜坡,1
甲組,1
懶散,1
令人,1
恐怕,1
苦歷,1
深喉,1
年紀,1
鼓動,1
誘惑,1
杜魯多,1
病情,1
自我,1
太小,1
寄宿,1
它們,1
裁撤,1
學者,1
被指令,1
派人,1
碰面,1
喉管,1
會眾,1
社聯,1
外來,1
發文,1
瞞,1
守法,1
學了,1
不懂事,1
沒甚麼,1
鈴,1
滿意,1
不漂亮,1
不戴,1
差點,1
房屋署,1
今星期,1
舞臺,1
打鼔,1
陰影,1
大提琴,1
焦慮,1
恆生,1
感謝,1
向下,1
風筒,1
稱,1
搽脣膏,1
舔嘴脣,1
吸收,1
飲水,1
抺去,1
脣膏,1
入體,1
辯論,1
奬盃,1
受不,1
支援,1
耳帶,1
每個人,1
不成功,1
地鐡,1
荔枝角,1
複,1
細究,1
閉路電視片,1
訟,1
聖火,1
典,1
穿上,1
傳染散播,1
轉到,1
源自,1
運,1
斬,1
招,1
人入境,1
大眾,1
如有,1
要有距離,1
香港郵政,1
華人,1
被襲,1
拉索帶,1
駐守,1
掛隊,1
手拎很多東西,1
到處都沒有,1
按壓,1
擦,1
搓手,1
搶奪,1
打架,1
噴人,1
父,1
刺,1
縫,1
召來,1
東方,1
答謝,1
榮譽,1
奇妙,1
有名,1
柱,1
開始香,1
港人,1
哪個,1
基礎,1
留意報道,1
山頂,1
除,1
喝醉,1
親密,1
會社,1
空間,1
推卸責任,1
她們,1
圍起,1
提堂,1
是否沒有事,1
轉往,1
一起去,1
日本東京,1
漸變多,1
祕密外出,1
被帶到,1
默契,1
控制自己,1
有地方,1
或是,1
出入境,1
看仍然,1
首,1
領導,1
接著,1
特朗普希望,1
首先提出,1
體驗過,1
那間,1
拿到,1
人流緊密,1
省錢,1
盲目,1
廣泛傳染,1
幸運,1
真幸運,1
收短訊,1
販賣,1
已完成,1
現在仍然,1
飛回來,1
冬季,1
關閉場所,1
做到,1
不時,1
大風,1
長時間,1
辦公室,1
客廳,1
噴手,1
醉酒,1
親蜜,1
有用,1
頂點,1
車票,1
鄭麗瓊,1
交回,1
答案,1
到處去,1
實驗室,1
中轉,1
無問題,1
通話,1
選手,1
大型,1
習近平,1
稅金,1
累計,1
火藥,1
彈殼,1
小路,1
石屋,1
關口,1
路蓮花,1
分娩,1
心急,1
類型,1
和緩風,1
中等,1
新聞報告,1
坐着另,1
過來坐,1
面對面坐下,1
加裝很多膠版,1
筷子,1
人們圍圈坐,1
各坐一邊,1
每邊各四,1
掃墓,1
明白事理,1
耕種,1
不會嗎,1
各各式各樣,1
面對面坐開,1
通電話,1
打機,1
送進,1
這兒,1
薄餅,1
麵包,1
好過,1
冷淡,1
無辧法,1
遇正好,1
意義,1
縮減,1
這段時間,1
知悉,1
其他哪裡,1
搶購,1
違規,1
簿,1
蓋章,1
農村,1
拿著,1
貨源,1
充足,1
惠康,1
棘手,1
豁下,1
鄰,1
協會,1
席,1
至到,1
偏風,1
和暖,1
入住,1
未有,1
有部分,1
截至,1
有機會,1
流傳出去,1
清單,1
轉至,1
互聯,1
病房,1
穿手帶,1
我現在增加,1
保護罩,1
百幾,1
招待,1
噴沫,1
有手帶,1
高矮不一,1
簾,1
難以,1
裝備,1
乘搭,1
遠處,1
積分,1
未知,1
多點,1
觀看,1
董事,1
看得清,1
兩至,1
小型,1
咒罵,1
牙明天,1
每年,1
每月,1
遇見,1
林鄭女娥,1
用處,1
將會,1
除此之外,1
明瞭,1
抽調至,1
再者,1
冠肺炎,1
這個範圍,1
涼快,1
提醒大家,1
營商,1
識趣,1
究竟為何,1
不知所云,1
乏力,1
火燒,1
來吧,1
想不想,1
坐船,1
茶葉,1
支持我,1
支持你,1
宵夜,1
上層,1
避免,1
融合,1
傷害自己,1
辭退,1
遏止,1
告,1
遷冊至不同地方,1
打字,1
列印,1
走下船,1
放到,1
陰性,1
關連到,1
打鼓,1
細則,1
清明,1
拜山,1
條款,1
浮,1
沖擊,1
撞在網上,1
堵車,1
傳達,1
邦,1
船停泊,1
寫書法,1
滑手機,1
按手機,1
翻查,1
同一,1
尿片,1
派藥,1
天空嘈吵,1
習主席,1
中南海,1
企開,1
響鞍,1
響,1
這次,1
首先發生,1
沉靜,1
李文亮,1
犧牲自己,1
在不同位置的旗桿,1
金紫荊廣場,1
旗愈升愈高,1
長方柱體,1
石碑,1
落船,1
人離開船隻,1
迪士尼綫,1
頒,1
害人,1
或者偏頗,1
班次,1
飛機進入,1
不快,1
明晚,1
強勢,1
肺炎檢驗,1
多人相視而坐,1
相視而坐,1
單張,1
命令警察,1
去不同地方,1
巡查,1
氣罩,1
通關,1
回到,1
泊車,1
網站,1
人來,1
蝶,1
列入名冊,1
密雲,1
晨,1
洋,1
很近,1
醫管局,1
轉介,1
充份,1
罰錢,1
下棋,1
相對而坐,1
空閒,1
玩啤牌,1
抱怨,1
椅子,1
包封,1
隱蔽,1
走過,1
哂太陽,1
匪夷所思,1
攪珠,1
裁判官,1
成人,1
不能承受,1
新冤病毒,1
愈來愈差,1
出耀,1
與不同的羣體一起,1
這個和那個,1
混淆,1
社工,1
過往,1
裁決,1
收貨,1
農產,1
補助,1
那地區,1
腰斬,1
後天,1
有影響,1
金錢資助,1
短期,1
失業人,1
助理,1
政治助理,1
短訊發送給我,1
收窄,1
感受,1
望周圍,1
關卡,1
出去外面,1
武漢站,1
火車行駛,1
廣西南寧,1
多人離開,1
長江,1
很多燈亮起,1
和過,1
改建,1
留院,1
大九,1
羣組自己,1
基礎可以,1
薪酬,1
幪面,1
人排排坐,1
長頭髮,1
領取,1
四方,1
印章,1
頒布,1
屍體,1
購買或,1
好運,1
划船,1
握風箏把手,1
風箏,1
殺死,1
密不透氣,1
胡思亂想,1
長州,1
梅窩,1
算數,1
瞓,1
過夜,1
玩完,1
開如,1
掌聲,1
招覽,1
被動,1
飛昇,1
減價,1
人體,1
繁殖,1
小看,1
準備好,1
蜂擁,1
排很長簿隊,1
車等,1
幸,1
建成,1
多少日,1
團聚,1
光榮,1
氣溫上升,1
捉到人,1
新型,1
介不介意,1
始果,1
轉嫁,1
閞會,1
自覺,1
保持,1
感謝眾人,1
指屏幕下方,1
交易,1
覆蓋全身,1
氧氣,1
整個身體,1
餃子,1
重量,1
週日,1
頭暈,1
爪,1
多方合作,1
非常重要,1
用力轉彎,1
繞過踢到球,1
球到附近,1
轉彎,1
大組,1
踢入,1
黑暗,1
差異大,1
譚,1
去除,1
模樣,1
貨入境,1
借用,1
隱祕,1
自省,1
衝動,1
扔掉,1
不聽,1
找我,1
國外,1
周全,1
例子,1
工具,1
大幅增加,1
擔保,1
支出很多,1
美洲大陸,1
李柱銘,1
控告我,1
後悔,1
上午,1
無事,1
卸責,1
電腦遊戲,1
結束,1
球迷,1
南風,1
中後,1
控訪,1
視,1
授權,1
人類,1
人造,1
量,1
一般人,1
演唱會,1
百份率,1
職工盟,1
帛琉,1
帕勞,1
籌集,1
披頭四,1
保羅麥卡尼,1
世界衞生組織,1
國際公益組織,1
屋內,1
民眾,1
港元,1
捐獻,1
世衛,1
張學友,1
陳奕迅,1
莎蓮娜威廉斯,1
莫拿託路,1
南部,1
閉門,1
排名,1
哥芬,1
稍後,1
警察總部,1
郵件,1
處長,1
預訂了,1
住客,1
前臺,1
交還,1
我問,1
對方,1
住宿,1
貨車,1
拉開,1
運到,1
搬運,1
起草,1
辦公,1
事實上,1
所謂,1
添加,1
新華社,1
套用,1
負任,1
兩辦,1
成員,1
改正,1
中央人民政府,1
駐香港,1
頁,1
依照,1
照樣,1
搬動,1
物體,1
包裹,1
不穩定,1
粉末,1
海嘯,1
團結香港基金,1
印花稅,1
土地,1
紀律,1
港臺,1
博彩,1
更改,1
妥善,1
傑志,1
更加,1
負數,1
至目前為止,1
向前,1
離職,1
問到,1
人事,1
朝向,1
迫切,1
重點,1
統籌,1
以來,1
離任,1
現在恭祝,1
愉快,1
年資,1
中立,1
勤力,1
開頭,1
各界,1
忠誠,1
保留身體內,1
被擲,1
謀殺,1
駕駛達到,1
拉上閘,1
走動,1
人士,1
位於,1
有關人,1
全面遮掩,1
看不清楚,1
叫做,1
方塊,1
裝入,1
騁請,1
會一,1
清涼,1
勁大,1
堆,1
人之中其中,1
此人,1
十多天,1
有超過,1
帶到另一地方,1
衝門而出,1
護理,1
取書,1
太多聚集,1
見面時,1
商戶,1
駕車往,1
不宜,1
水氣,1
選出,1
立`,1
補留,1
留在家,1
身體檢查,1
各種不同,1
陽光照下,1
陽光遍地,1
小童,1
下學期,1
他說,1
注入,1
進入體內,1
伊斯蘭,1
很多屋,1
各處清潔,1
摘下眼鏡,1
擦眼鏡,1
好像這樣,1
不同命令,1
籃子,1
朝拜,1
怪,1
周圍分開,1
圓形屋頂,1
投射,1
全體團結,1
下注,1
同歸於盡,1
增長,1
冒出,1
揮動衣物,1
火警嚮,1
控罪,1
一直增加,1
團體到達,1
聚集很多,1
集體移動,1
查詢,1
空氣流通,1
臨近,1
遙控,1
層次,1
一馬超越另一馬,1
拍,1
朦朧,1
逐步增多,1
程度降低,1
雙向,1
困於,1
程度提高,1
變多,1
我保護你,1
你保護我,1
不允許,1
創立,1
充電,1
家長,1
後方,1
大批,1
何文田,1
濃煙,1
餅乾,1
侍應生,1
收拾東西,1
度假營,1
匙,1
黃金,1
往常,1
檢視,1
量度,1
往來,1
操作,1
廟,1
勞,1
窮,1
職,1
醫護人員,1
十的符號,1
黃大仙,1
祠,1
宮,1
上段,1
下段,1
出發,1
九龍灣,1
親,1
絲帶,1
解說,1
叻,1
招攬,1
單日,1
滋生,1
蓋住,1
小販,1
成年人,1
放進去,1
翻譯,1
尊敬,1
侍產,1
價格,1
恒生,1
戰,1
登位,1
荒謬,1
糾纏,1
難看,1
諷刺,1
卡通,1
直指,1
紀,1
之前有,1
幼兒,1
短髮,1
富強,1
見過,1
分州,1
洩漏,1
飛仔,1
標準,1
建制,1
豪,1
鬍鬚,1
助,1
拋擲,1
重用,1
抽取,1
舒緩,1
針,1
說過,1
逹到,1
景物,1
時鐘,1
人參,1
參,1
警示燈,1
斤,1
接接,1
致意,1
默,1
警機,1
圖畫,1
戰略轟炸機,1
飛行,1
籃球員,1
戴上手套,1
不得,1
被問,1
驚喜,1
香港再,1
興起,1
診治,1
推拉車,1
槍殺,1
桔,1
訓誡,1
孩子,1
強拉,1
被擋,1
衣領,1
拉出,1
扶起,1
趕出,1
箍住,1
丟面,1
被資助,1
幹事,1
資物,1
體,1
宣讀,1
鐡,1
打拳,1
善,1
焗,1
拍拖,1
親吻,1
弄到,1
暗瘡,1
洗面膏,1
流汗,1
黏糊,1
評定,1
鋼筋,1
評斷,1
筋,1
監牢,1
本人,1
貪,1
公安,1
網吧,1
開辦,1
葵芳,1
喉唾液,1
高齡,1
視線,1
釋出,1
縣市,1
主持,1
評判,1
旗下,1
被扣上,1
粗口,1
拉起,1
盲,1
壽司,1
卷髮,1
對我,1
名牌,1
渡假屋,1
淺,1
喜,1
八逹通,1
奧地利,1
顔色,1
條規,1
任職,1
擴音器,1
聲,1
被抬,1
站上,1
拋落地,1
抬,1
救護車燈,1
餘下,1
臺前,1
繁多,1
講臺名,1
奪走,1
黑布,1
按地,1
壓下,1
膝頭,1
壓住,1
拋下,1
輪流,1
被控,1
收回,1
不起,1
訴訟,1
冠形,1
寄出,1
因為世界,1
派對,1
寃枉,1
微,1
落空,1
難處,1
大力,1
無法,1
相,1
錯失,1
教訓,1
設備,1
直行平行綫,1
傳開,1
挑撥,1
精英,1
某日,1
合格,1
接手,1
弊,1
岸,1
命運,1
短片,1
征服,1
隱密,1
統一,1
想念,1
前年,1
當選,1
出席者,1
微不足道,1
內心,1
規制,1
剪綵,1
財產,1
實施,1
立下,1
讉責,1
誹謗,1
悲,1
軍裝警察,1
將近,1
炮,1
然後,1
渠蓋,1
檔,1
拿出,1
被拋擲物,1
橙,1
被捉,1
背心,1
警號,1
慣用,1
議,1
屬性,1
敵,1
陷害,1
忽視,1
揑造,1
磚頭,1
被擊,1
碎裂,1
濺,1
新加,1
夠,1
僕人,1
發展變成,1
亂指,1
反駁,1
固執,1
展出,1
首席,1
沒關,1
淘汰,1
活下去,1
看守,1
圍堵,1
行人,1
被帶走,1
被噴射,1
包紮,1
被帶上,1
對面,1
路軌,1
撰文,1
忠義,1
聲響,1
閉幕,1
委會,1
降罪,1
不關事,1
有趣,1
發球,1
治理,1
帶去,1
掃興,1
改過,1
幫不到,1
被帶去,1
可行,1
還給,1
立約,1
逼迫,1
對付,1
國際金融中,1
提拔,1
接任,1
有孕,1
搬上,1
胡椒劑,1
入眼,1
兌換,1
保衛,1
組合,1
物流,1
駿洋邨,1
威爾斯醫院,1
救援,1
清晰,1
接送,1
倉庫,1
層數,1
葵聯邨,1
財政司司長,1
外匯,1
聯繫匯率,1
捍衛,1
基地,1
人大網,1
書冊,1
明尼蘇達州,1
明尼阿波利斯,1
高速公路,1
急忙,1
運油車,1
撞向,1
弗洛伊德,1
跪壓,1
油車,1
目擊者,1
曼哈頓,1
據報,1
非法集結,1
蘇豪區,1
市長,1
商鋪,1
打爛,1
上空,1
盤旋,1
加洲,1
塗鴉,1
比華利山,1
參加者,1
過後,1
申請人,1
雲多,1
法令,1
文書,1
商談,1
私下,1
催淚彈,1
警隊,1
欄柵,1
跨越,1
國民警衛軍,1
暴亂法,1
派遣,1
倒,1
液體流出,1
瀝源邨,1
三讀,1
否決,1
國歌條例,1
他倆,1
用布遮蓋,1
核突,1
蠕動,1
忍不住,1
朱凱迪,1
這是,1
肥料,1
陳志全,1
道德,1
立場,1
內政,1
墓地,1
你的,1
討回公道,1
丹佛市,1
躺下,1
抱著頭,1
扮成,1
侮辱,1
瀝源村,1
還未,1
無權,1
民權,1
缺漏,1
按一下,1
包著扶手,1
搬去,1
幫自己,1
攜帶,1
今個,1
沙中線,1
收到撥款,1
建制派,1
收益,1
跟著,1
安全法律,1
文字,1
需要香港,1
多人站立,1
兩種制度,1
撤回,1
通關檢查,1
我想,1
說服,1
強壯,1
青春,1
時間過去,1
尊業,1
些許,1
科目,1
熱情,1
不論,1
天上,1
向下看,1
警員,1
基層,1
一直不能,1
通往,1
卑鄙,1
遊利,1
保鑣,1
保鑣跟隨,1
鎮壓,1
靜默,1
舉,1
長方,1
指螢幕,1
生再,1
喊聲,1
救命,1
坡,1
泥,1
傾瀉,1
多人排坐,1
屏幕這裏,1
傳單,1
媒體,1
明後,1
存錢,1
移居,1
兩星萬,1
確保,1
振興,1
書面,1
吐樽內,1
扭緊,1
十字架,1
鱗,1
文字寫下,1
螺旋,1
打傘,1
吐,1
行車,1
耐性,1
行人路,1
靴,1
天亮,1
學生說,1
時光過去,1
魚鱗,1
墨西哥,1
肺漲起,1
進出口,1
壞人,1
年老,1
威力,1
不能阿,1
升上,1
六分,1
資金周轉,1
架構,1
祕,1
各自飛到,1
樽裝,1
多人到場,1
匯豐,1
外界,1
做得到,1
責罰,1
報復,1
兩者皆可,1
評詁,1
全部完成,1
私家車行駛,1
坐船到,1
主義,1
賄賂,1
跪頸,1
舉殯,1
大批人,1
入殮,1
哥哥,1
漠視,1
致敬,1
駛走,1
移動棺材,1
網相,1
做得好,1
香港電臺,1
會所,1
短視,1
撐,1
零售,1
廠商,1
平臺,1
西灣河,1
掉去,1
雙膝壓在另,1
的頸,1
小事化大,1
反省,1
修補,1
膚色,1
貧窮,1
很多人入場,1
坐開,1
罷工,1
發起,1
不偏離,1
價值,1
教育自己,1
專一,1
圖片,1
南華,1
戴著口罩,1
版本,1
條碼,1
微粒,1
從鼻子噴出來,1
從口中噴出來,1
吸入,1
呼吸道,1
損壞,1
清洗,1
中大,1
相關,1
過程中,1
痰,1
飛沫噴出,1
砧板,1
財經,1
西北,1
掠過,1
呼吸困難,1
大腿以上,1
範圍內,1
烈風旋轉,1
路徑,1
更高,1
唔該,1
用體溫計量額頭,1
出示,1
十分開心,1
待在,1
累,1
很興奮,1
年青,1
過山車近,1
彩色,1
轉圈,1
滑浪飛船,1
熊貓,1
罪行,1
爭持,1
湯,1
行會,1
以膝蓋壓頸,1
鎖喉,1
國會山,1
無聲,1
矇混,1
無線,1
清勁,1
搭臺,1
都是,1
食品,1
南面,1
廢物,1
爐,1
長官,1
維護,1
合拼,1
不合對,1
列明,1
指罵,1
層面,1
有無需要,1
手令,1
限時,1
拘留,1
在這裡,1
品格,1
捉來,1
曾試過,1
聚在,1
之內,1
慢慢上升,1
升高更多,1
追捕,1
轉身,1
推搪,1
革職,1
轉變,1
火警,1
衝去,1
車來回,1
暗裡,1
衝著,1
放下,1
開放海關,1
租用,1
接載,1
輛,1
留著,1
聘用,1
好少,1
僱傭,1
一刀切,1
給權力,1
軍方,1
統治,1
防礙,1
只怪自己,1
怪自己,1
比高,1
替代,1
很好表現,1
不同區,1
有雷,1
吹風,1
邊,1
狂,1
海面,1
有浪,1
確証,1
發生衝突,1
尊貴,1
無錯,1
古惑,1
拉入,1
矛頭,1
送給,1
字眼,1
違犯,1
黨派,1
漏了,1
好多,1
送出,1
長大,1
很難,1
留低,1
原因是甚麼,1
不習慣,1
路程,1
很長,1
貴了,1
負擔重,1
再見,1
縮短,1
報表,1
筲箕,1
鞋,1
課室,1
會立即,1
小一,1
小三,1
藝術,1
出入口,1
閘口,1
忍住,1
傳送出去,1
傳送,1
下調,1
快點,1
昂貴,1
顯微鏡檢查,1
兩款,1
限額,1
拒絶,1
槍擊,1
甜點,1
中毒,1
槍斃,1
畫面,1
曝光,1
車子,1
駛入,1
駛另,1
呼氣,1
飲少少,1
縱火,1
火勢猛烈,1
燒,1
直至早上,1
白人,1
頂球,1
初時,1
勾引,1
份,1
老年人,1
輪侯,1
遺傳,1
看不清,1
效入,1
權益,1
吐入樽內,1
交替,1
高興,1
評核,1
湧至,1
可以OK,1
小孩,1
聽聞,1
比上次,1
果,1
貨送到,1
車輛,1
園區,1
爆開,1
各行各業,1
仍舊,1
火上升煙霧上升,1
莫克,1
時候侵犯,1
知錯,1
救到,1
擋波,1
角球,1
踢波,1
夏威夷,1
照舊,1
照做,1
被幹預,1
叫罵,1
長排隊,1
圈出,1
去信全部,1
簡易,1
某圈狀物件,1
這區,1
搬到,1
平穩,1
兩地,1
蓋布,1
棺材,1
焚燒,1
河流,1
槌,1
同樣,1
調派,1
刊登,1
改為,1
圖表,1
推動,1
任部,1
大批人湧到,1
大批湧入,1
髮型,1
低劣,1
十數個,1
影相,1
對比,1
外交,1
了得,1
詳文,1
調來,1
附件,1
調去,1
居家,1
邊境,1
邊界,1
暴力襲擊,1
委託,1
人往來往返,1
入夜,1
口角,1
惡意,1
救護,1
梁愛詩,1
國安公署,1
執法,1
塔爾薩市,1
字詞,1
日偏食,1
龍蝦,1
花了,1
信用咭,1
數碼,1
郵局,1
點心,1
顧客,1
譚耀宗,1
新增,1
新民黨,1
葉劉淑儀,1
大法官,1
到來,1
摸清,1
養和,1
阿肯色州,1
養和醫院,1
比例,1
商務及經濟發展局,1
邱騰華,1
樂園,1
解凍,1
牛肉,1
低溫,1
超級市場,1
凍肉,1
泰森食品,1
進口,1
聽說,1
聯合國教科文組織,1
明治,1
新潔,1
落馬州,1
口岸,1
我呢,1
出生地,1
合憲,1
真是,1
少見,1
無稽,1
腎,1
抵抗力,1
直至現在,1
機制,1
再加,1
推進器,1
任務,1
北斗衛星,1
環繞,1
北斗系統,1
部署,1
人大法工委,1
管轄,1
免卻,1
人大常委會法工委,1
張勇,1
香港國安法,1
居留權,1
發誓,1
國家安全委員會,1
各級,1
涂謹申,1
保安局局長,1
香港安全法,1
保安局,1
人大,1
健康碼,1
食環署,1
出境,1
華航,1
長榮,1
國泰,1
桃園,1
紅場,1
質詢,1
求情,1
認罪,1
總理,1
李顯龍,1
李顯揚,1
勝利日,1
紅軍,1
兵,1
部隊,1
解放軍,1
塞爾維亞,1
共和國,1
武器,1
盔甲,1
擊倒,1
辛達卡拉,1
傳球,1
決心,1
拉法施華,1
沙紐斯,1
卡路士雲尼斯奧斯,1
前鋒,1
聯賽,1
射門,1
魯賓戴亞斯,1
手球,1
吹罰,1
局部地區,1
全部看到,1
出版,1
丟掉,1
串數字,1
點睛,1
運球,1
好看,1
球撞到手,1
做上,1
市,1
強勁,1
坐飛機到北京,1
聰,1
共有,1
賺取,1
枱下交易,1
疾病,1
坐飛機到達,1
啟德,1
工字鐵,1
繫上安全帶,1
吊起鐵枝,1
博覽館,1
住院,1
戰鬥,1
左邊,1
級別,1
商議,1
框架,1
概念,1
散佈,1
多人坐,1
軍事,1
原則,1
企業,1
營養,1
趕走他,1
扭開,1
理論,1
輔導,1
捕捉,1
鏈,1
人們排開,1
撒開,1
潑出去,1
推倒,1
鷹,1
巴黎,1
保守,1
浪潮,1
獎盃,1
在期間,1
追溯,1
唐英年,1
商,1
撤除,1
貨品送過去,1
情,1
結黨,1
產品,1
區分,1
出貨,1
運往,1
獨,1
人限,1
具體,1
重現,1
快些,1
下雨下雨,1
紫荊花,1
佔領,1
不當,1
排開保護,1
舉旗,1
數次,1
圓形物體射出,1
長方形狀,1
水車,1
釘子,1
祭拜,1
整爛,1
團體移向後方,1
槍發射,1
發射子彈,1
水槍射倒人,1
蛋糕,1
破損,1
多輛車輛行駛到達,1
人圍起來,1
聚集移動,1
各種東西,1
抓住某人,1
壓倒另,1
人從左邊及右邊同時圍上,1
中間站著的人,1
從左邊,1
從右邊,1
用傘插,1
利器,1
用利器劃傷,1
抓捕,1
摔倒,1
站起,1
包紮手臂,1
懲罰眾人,1
提醒眾人,1
開車,1
駕駛電單車,1
電單車撞到,1
拉近,1
依次,1
最喜歡,1
撕,1
指責我,1
八卦,1
盛行,1
發對,1
記恨,1
當做,1
長度,1
前後分開,1
撲向另,1
撲倒另,1
醒,1
散開,1
股市,1
不同機構,1
逃難,1
一字排開坐下,1
兩種規則,1
偏離,1
緩風,1
人捉去另一地方,1
終身,1
理據,1
真心,1
觸犯,1
安全處,1
等很長時間,1
軍用,1
人帶去另一地方,1
潛在,1
乘飛機去,1
人帶去另,1
領士,1
放上去,1
外借,1
覆檢,1
論說,1
書本正常,1
墮入圈套,1
核動力,1
詐騙,1
據為己有,1
合員,1
新奇,1
狡猾,1
機警,1
花言巧語,1
說話迷惑,1
人去另,1
愛情,1
唾液禁本,1
承受不到,1
外銷,1
新冠痛病毒,1
東西沖下來,1
屋子,1
吉,1
人站上屋頂,1
直升機到場,1
涉水走路,1
羽毛球,1
地區地區,1
潛藏,1
吐深喉唾液,1
針裂,1
是不是犯法,1
青山道,1
隱閉,1
成功或失敗,1
外賣回去,1
虛假,1
亞洲博覽館,1
爆滿,1
吐唾液,1
刻,1
他要,1
沒有說,1
人大委員會,1
現準,1
交付責任,1
有權,1
公約,1
拿出來揮動,1
蒲,1
車撞向車,1
車輛剎車,1
人在臺上,1
人從馬上下來,1
前面車輛駛走,1
車輛向前行駛,1
車輛從後駛來撞到前面的車,1
警車,1
在旁邊停下,1
拿槍,1
紅綠燈,1
車輛高速駛過,1
車輛數次切換線道,1
白線,1
搜查跑車,1
轉帳,1
交國,1
傘兵,1
人降落,1
傘兵降落,1
旗幟降落,1
立體長方形,1
放煙花,1
在臺上,1
東海,1
關東,1
部分地區,1
坪,1
派錢,1
沒有了,1
截停,1
儲錢,1
飲酒,1
住屋,1
慈善,1
受津貼,1
代理,1
泥傾瀉,1
搜索,1
氾濫沖走,1
沖走,1
鹿,1
骨折,1
志,1
一起簽署,1
籌得,1
參選,1
籌錢,1
票不能,1
深處,1
命名她,1
俠,1
單膝下跪,1
鼓譟,1
備用,1
拿取,1
指屏幕報道,1
自責,1
官員,1
運行,1
命為,1
培養,1
侵害,1
狹窄,1
那裏來,1
轉入,1
複制,1
人流多,1
致辭,1
阻截,1
信息,1
冤枉,1
進駐,1
宣晢,1
講解,1
言論,1
剝奪,1
調整,1
拿回,1
議程,1
遺憾,1
行賄,1
有罪,1
聲譽,1
莫,1
共同簽署,1
聲明,1
注意,1
隻重,1
間諜,1
如何發生,1
很久以前,1
很多投訴,1
不安,1
各地區,1
氣溫升高,1
起移動,1
錢給我,1
擺酒,1
沒興趣,1
年長,1
允許我,1
不同部門,1
聯絡多處,1
資格,1
墨爾本,1
商人,1
各處分開,1
抽血,1
網頁,1
想出,1
人羣,1
股市圖,1
賀,1
交談,1
取下口罩,1
剩餘,1
很多桌,1
爸,1
媽,1
期盼,1
不同團體,1
陸續到達,1
多人面對面坐下,1
調酒師,1
違例,1
給予我,1
保護人,1
認證,1
附屬,1
錢獲得,1
方案,1
律司,1
偏向,1
指示屏幕,1
許,1
晚餐,1
溫康,1
丸,1
塌,1
禁示,1
食藥,1
下巴,1
到處張望,1
近距離,1
抖氣,1
橫蠻,1
住戶,1
搬遷,1
十多,1
建樓,1
比實,1
球員,1
旁述,1
絲,1
數個,1
長條物品,1
羞恥,1
奇,1
角落,1
球踢出,1
載口罩,1
消潔,1
保釋,1
大嶼,1
播,1
一直到現在,1
反轉,1
椅,1
都,1
功能,1
再想,1
奸,1
毀壞,1
服務臺,1
完美,1
拿試驗管,1
電子,1
因應情況,1
環境黑,1
煙向上升,1
由下至上,1
從頭到尾受影響,1
診症,1
連累到,1
實在,1
形形式式,1
兼職,1
樓層,1
眾人,1
憂慮,1
很多食肆排成一行,1
拿著手抽和食物盒,1
坐著,1
全部人,1
樽裏面,1
樽由,1
地方拿到另,1
氣從上吹到下,1
儲放,1
沒特別的,1
開學,1
地方送去另,1
油油,1
車從地底向前行,1
抑制,1
全部做妥,1
對不對,1
沒辧法,1
中午十,1
長條紙,1
匯豐銀行,1
人到逹,1
趕急,1
阻滯,1
之,1
地方去到另,1
武力,1
中國為,1
整體存在,1
酷熱,1
不強不弱,1
人躺在牀上,1
發電郵,1
形狀,1
進入家裏,1
傳染自己,1
離開家,1
由英國帶到香港,1
郵寄給我,1
巴士站,1
剪髮,1
那個人的身體,1
全身保護,1
除衣服,1
掉走,1
頭套,1
黃埔,1
拖地,1
要樣,1
室內,1
忍服,1
互相幫助,1
敵對,1
發放電郵,1
戶間,1
社會`,1
麻麻,1
笑容,1
舒緩自己,1
宴會,1
感觸,1
聖,1
羅馬,1
華牀,1
哥倫布,1
沒有問題,1
由外面帶入鯉魚門,1
這護照,1
由外面帶入進去,1
度假,1
有人在外面站着,1
站成,1
口罩露出鼻子,1
迴旋處,1
定立,1
正經,1
休斯頓,1
兩者一起,1
面對,1
利,1
捧盃,1
面上有光,1
試行,1
看症,1
成都,1
細小,1
薄扶林,1
吸空氣,1
隔著一條路,1
分院都有去,1
不戴口罩,1
留在這兒,1
搬離,1
扭蓋的小樽,1
液體,1
舉報,1
轉載,1
蔡,1
多月,1
風扇,1
手都拿著東西不知選那樣好,1
摸另,1
戴手套,1
鏡頭,1
暗地裡,1
三藩市,1
欺詐,1
船到達目的地,1
換班,1
建築物所在地,1
潛入,1
盜竊,1
萌生,1
海洋,1
除口罩,1
滴汗,1
傳遞,1
煮食,1
存活,1
貨運抵達,1
破例容許,1
處所位置,1
旅遊巴駛走,1
來回進出,1
建設物所在地,1
等於,1
靈活,1
相若,1
主觀,1
逛,1
由高處墮下,1
數個月,1
納入法例,1
遙遠,1
尋找機會,1
擋門,1
溫和,1
寛,1
戒,1
囚犯,1
走廊,1
抹汗,1
保護衣,1
遮蓋,1
無中生有,1
被指控,1
橫線,1
羣組入面,1
新西蘭,1
飛機來港,1
驚訝,1
遵從,1
界入,1
沒有關係,1
大家好,1
傳沬爆發,1
全個範圍,1
拉鋸戰,1
香港大學,1
微生物,1
人被太陽曬著,1
有著數,1
蹲,1
行人走路,1
可以忍受,1
勉強接受,1
邀請人,1
發,1
擔遮,1
一邊擔遮一邊喫飯,1
跑過去,1
這個人,1
放在名單上,1
競逐,1
港島,1
稱呼按到,1
公民社會,1
自決,1
衰,1
兩邊都有,1
兩者皆有,1
全國人大常委會,1
投票權,1
很緊的限制,1
激進,1
整個光譜,1
傳銷,1
瑪麗醫院,1
衛星導航系統,1
通,1
教然,1
愛惜,1
被太陽曬著的人,1
倚靠,1
國㗎,1
發覺,1
乘坐飛機抵達,1
檯,1
調配,1
烏,1
防禦,1
距離遠,1
離世,1
熱炎,1
抱歉,1
彎,1
組識,1
優次,1
張口,1
家內有,1
樣本瓶回家,1
調轉樣本瓶,1
調轉,1
不符合,1
疑慮,1
聽説,1
沿軌道運行,1
疏散,1
孫子,1
收到短訊,1
驗測,1
之後來,1
看得到,1
貢獻,1
八毫,1
墨,1
舉牌,1
降級,1
擠逼,1
房並排,1
兩檔位置在前後,1
人傳染,1
給你,1
算了,1
過來,1
郵信,1
入侵體內,1
吐口水到瓶內並封蓋,1
採集唾液,1
教我,1
抖,1
撥去,1
打劫,1
熟識,1
放上,1
給予責任,1
揮拍,1
相距甚多,1
雙生,1
妹,1
布甸,1
芝,1
金字塔,1
蘑菇雲,1
震動,1
碎,1
割,1
放進瓶子,1
軟件,1
抖音,1
友好,1
新加玻,1
小事變大,1
很多牀排成,1
很多張牀緊貼着,1
互相傳播,1
累積很多申請,1
入境處,1
很長時間,1
下架,1
巨響,1
黎巴嫩,1
捷克,1
阿聯酋,1
封包,1
移除,1
交交流,1
滑,1
碟,1
這盒子內,1
檢明,1
吐口水到瓶子,1
橫額,1
會面,1
飛機在船上,1
鳥嘴,1
微軟,1
航行,1
船觸礁,1
嚇我,1
寺廟,1
放下厚厚,1
活着,1
環狀,1
獻上花圈,1
按按扭,1
核,1
石頭,1
船撞向石頭,1
鳥,1
搜羅,1
雙手,1
被拷上手銬,1
男方,1
發掘,1
哪些,1
蒐集,1
寬敞,1
錄影,1
厚牆,1
擲向牆壁,1
分辨,1
化表,1
稱讚,1
把握,1
有很多公司,1
手拿,1
揶揄,1
大嗌,1
粒,1
從來沒有,1
指指點點,1
憤怒,1
稱呼自己,1
怪罪我們,1
放在這一邊,1
連繫,1
擱置,1
移交逃犯,1
貨櫃,1
氣脹,1
在另,1
飛往,1
風向,1
雙層,1
上層和下層都有人躺,1
車兩邊走,1
多住所,1
車輛到,1
沉睡,1
怎辧辦,1
一拿,1
正方形,1
抄,1
運貨到,1
微信,1
挖坑,1
掉進抗裡,1
不和,1
早上部分,1
手推車,1
上下抹乾淨,1
整盒放,1
肥皂,1
全部表面抹,1
互相感染,1
瓜,1
蝦,1
包裝,1
捽眼,1
捽,1
頂級,1
傳訊息,1
豆,1
學院,1
超越前人,1
投籃,1
情怳,1
衞,1
寛度,1
扭瓶蓋,1
用棒子在鼻子攪拌,1
全身套,1
棉花,1
氣喘,1
蝴蝶,1
鼓勵全部,1
洗衣,1
全身濕,1
邁,1
討讑,1
提取,1
有勸力的人,1
剌激,1
奇異鳥,1
船上載有飛機,1
特普朗,1
狀,1
反口覆舌,1
民衆,1
輪班,1
感染自己,1
嘔,1
從口腔裏拿出檢測棒,1
把檢測棒伸到口腔,1
保險,1
門部,1
標籤,1
領展,1
旺,1
雙者,1
硬,1
最低溫度,1
派樣本瓶,1
這層,1
土,1
誤,1
丟向人,1
人起火,1
並排走,1
珍惜,2
購買,2
雙贏,2
問答,2
驅離,2
責罵,2
推廣,2
上水,2
農田,2
爆,2
金屬,2
包蓋,2
袋,2
十全十美,2
因爲,2
零件,2
組裝,2
監,2
創作,2
動作,2
逐漸,2
赤字,2
劏房,2
年齢,2
插入,2
拿着槍,2
探視,2
提訊,2
打人,2
刀,2
手槍,2
排成,2
雪,2
入面,2
街道,2
遮,2
不高興,2
手套,2
最少,2
普通地,2
堅固,2
口探,2
入侵,2
型,2
天津,2
訊問,2
這位,2
股,2
下去,2
告密,2
捉到,2
對開,2
沉船,2
射,2
兩者都,2
貪污,2
完畢,2
想起,2
匯,2
記憶,2
變得,2
鼠,2
應變,2
全身裝備,2
廣西,2
樹林,2
掛上,2
嬴,2
夢想,2
味,2
珠海,2
風車,2
求籤,2
引擎,2
撤走,2
水桶,2
整地,2
加油,2
傳染病,2
得到,2
呈上,2
厠所,2
年初三,2
拜仁,2
打招呼,2
打籃球,2
限期,2
合適,2
忙碌,2
汽車,2
直昇機,2
墜機,2
良心,2
如常,2
大量,2
人龍,2
多數,2
減輕,2
鼠年,2
不想,2
獨自,2
貪心,2
插隊,2
化妝,2
R,2
夫婦,2
行程,2
賣買,2
脫歐,2
觀,2
互諒互讓,2
給他,2
大嶼山,2
穏定,2
算,2
宣告,2
或許,2
館,2
湧來,2
牛,2
來往,2
兄弟,2
怎,2
治病,2
數天,2
缺乏,2
染,2
尖,2
校長,2
剛剛好,2
通告,2
九龍塘,2
富貴,2
上船,2
沖厠,2
污穢,2
梳,2
拜年,2
銅,2
皮膚,2
拍掌,2
撕毀,2
基,2
戴上手帶,2
湧上來,2
行樓梯,2
噴出,2
便利店,2
打高爾夫,2
桿,2
嚇,2
坐監,2
改期,2
無可能,2
計數,2
轉機,2
讚賞,2
蒸氣,2
露營,2
火鍋,2
本港,2
桶,2
懂得,2
富豪,2
獎,2
見不到,2
崇拜,2
恩,2
浪,2
到現在,2
馬鞍山,2
大圍,2
胃,2
站立的人,2
祝,2
細胞,2
退休,2
厠紙卷,2
倦,2
非洲,2
農鄉,2
紙張,2
晴朗,2
人下船,2
羽,2
補習,2
鬆一口氣,2
開咪,2
佛堂,2
黑社會,2
慘,2
撥出,2
水果,2
充電器,2
插座,2
洞,2
曬太陽,2
揮手,2
微雨,2
優惠給,2
宗教,2
試驗,2
務,2
短暫,2
孫,2
不妥,2
截止,2
後備,2
同行,2
擴闊,2
中醫,2
成,2
出氣,2
聞到,2
讀,2
題,2
巖手,2
筲箕灣,2
總部,2
夠不夠,2
請求,2
洗澡,2
抺,2
降低,2
不需要,2
列車,2
軌枕,2
薄,2
小瓶,2
古,2
讚,2
老公,2
無綫電視,2
透過,2
肚瀉,2
提名,2
暴動,2
臺北,2
眼罩,2
鬆懈,2
圖書,2
昨日,2
好笑,2
調到,2
推翻,2
讚揚,2
自製,2
其中,2
姓,2
馬路,2
查看,2
慢慢,2
安置,2
已經,2
點票,2
相隔,2
巿民,2
控,2
向著,2
金融,2
向上,2
進展,2
單一,2
潛伏,2
資金,2
賠償,2
悲傷,2
太太,2
詞,2
創辦,2
引發,2
陪同,2
教練,2
富,2
座,2
體內,2
心臟,2
講大話,2
全國,2
慈,2
堅,2
放出,2
呼叫,2
英雄,2
擺甫士,2
午夜,2
渠,2
兒童,2
娛樂,2
趕,2
香,2
味道,2
綜援,2
分發,2
水喉,2
希臘,2
自私,2
反彈,2
由於,2
偷偷,2
封城,2
U,2
亞州,2
齊全,2
鞭策,2
這邊,2
不管,2
冇,2
失去生機,2
譬如,2
除下口罩,2
抵抗,2
地址,2
禮拜,2
延至,2
英格蘭,2
辦法,2
紙的樣子,2
猜測,2
沙灘,2
囤積,2
高級,2
少少,2
隨意,2
遊走,2
顯微鏡觀察,2
視情況,2
待,2
朱,2
加長,2
放置,2
碰杯,2
互相傳染,2
民主黨,2
優惠,2
明年,2
衞生署,2
病徵,2
實際,2
小西灣,2
衝擊,2
陌生,2
枱分開,2
碗,2
彩,2
圓形枱,2
可不可以,2
飛機飛抵,2
擁抱,2
面對面坐,2
不在,2
業界,2
傳媒,2
之類,2
開幕,2
後期,2
輕微,2
驚嚇,2
盡快,2
人仕,2
疲累,2
遮掩,2
呢,2
藥物,2
小組,2
早前,2
肥,2
徵狀,2
除外,2
者,2
羣眾,2
可見到,2
麻將,2
頸巾,2
下次,2
替換,2
就是這樣,2
美甲,2
遷冊,2
拒捕,2
妨礙,2
埔,2
發放薪金,2
祈禱,2
給大家,2
升高,2
殯葬,2
走來走去,2
關島,2
地面,2
企,2
記住,2
天安門,2
場所,2
多年,2
引號,2
全面,2
警署,2
大使,2
一起坐,2
長沙灣,2
送往,2
英女王,2
貼上,2
戶外,2
居屋,2
導彈,2
涼風,2
呼吸罩,2
高等法院,2
聆訊,2
陳詞,2
危急,2
冷清,2
視乎情況,2
驟雨,2
對我說,2
行政,2
規管,2
雙,2
美容院,2
多人來,2
沒可能,2
公正,2
私隱,2
激動,2
拉行李,2
很,2
開支,2
人轉移,2
下令,2
挖掘,2
上限,2
沒有辦法,2
形,2
踏單車,2
脫下,2
幸福,2
防備,2
下滑,2
送醫,2
時候,2
導遊,2
講話,2
解,2
推卸,2
開闊,2
水塘,2
籌,2
瘋,2
指屏幕,2
郭榮鏗,2
阻撓,2
成交,2
清走,2
探望,2
鬼,2
踢足球,2
幸好,2
猜不到,2
罵,2
投遞,2
無力,2
點火,2
我的,2
識做,2
黎智英,2
財委會,2
不足夠,2
年青人,2
簽証,2
莫斯科,2
保証,2
真確,2
精彩,2
屬下,2
工資,2
直播,2
召喚,2
填補,2
譚惠珠,2
房咭,2
沒理由,2
當地,2
國務院,2
轄下,2
國歌法,2
以往,2
積極,2
氣味,2
燃燒,2
打開,2
物質,2
危機,2
重視,2
容忍,2
控訴,2
發表,2
各類,2
皮,2
視野,2
揀選,2
委任,2
科技,2
深喉唾液,2
地點,2
背後,2
依賴,2
很多人,2
社署,2
後來,2
繞,2
評審,2
競選,2
肺部,2
喝,2
不許,2
量體溫,2
升溫,2
救我,2
非常,2
共同,2
不斷減少,2
溫,2
騎馬,2
獎金,2
一馬緊追另一馬,2
質量,2
批準,2
不斷累積,2
一大羣,2
仇恨,2
矇,2
珊,2
裏面,2
師傅,2
情形,2
理由,2
技巧,2
旅客入境,2
拜神,2
出走,2
皇帝,2
案件,2
步行,2
無視,2
聚,2
母親,2
踴躍,2
揮動,2
財務,2
州份,2
不見,2
過度,2
間尺,2
分段,2
聯結,2
兩手,2
合資,2
昍,2
殘忍,2
永,2
頭髮,2
幹,2
自然,2
發明,2
耕,2
碑,2
守護,2
喘息,2
十元,2
専業,2
示,2
拉去,2
被批評,2
破產,2
學習,2
結構,2
地上,2
嫲嫲,2
戲院,2
洗臉,2
催促,2
犯,2
舒,2
梨,2
同步,2
傷殘,2
鏟,2
彡,2
指點,2
時代,2
綁上,2
手銬,2
叫到,2
以後,2
秋,2
還,2
翼,2
鍾,2
拉走,2
被趕,2
胸,2
被控告,2
荷,2
廢除,2
隱隱,2
報到,2
單據,2
示現,2
召開,2
電梯,2
勇敢,2
堅強,2
謊言,2
侵襲,2
原因,2
表逹,2
設立,2
告發,2
刪除,2
踐踏,2
冬,2
佔地,2
恐佈,2
堵路,2
電車,2
圍欄,2
拆,2
推出,2
交界,2
分化,2
抺黑,2
暴,2
彼此,2
丟,2
朗豪坊,2
前推,2
出來,2
人才,2
法制,2
贊成,2
舉手,2
麥克風,2
大膽,2
阿,2
恨,2
陳茂波,2
指引,2
袁國勇,2
對待,2
港幣,2
安全法,2
騷亂,2
選舉事務處,2
選民,2
燭光,2
白宮,2
祕書處,2
地下,2
條狀,2
生物,2
外交部,2
這些人,2
單膝跪地,2
標題,2
家裡,2
年度,2
書寫,2
各區,2
合法,2
給果,2
滲漏,2
跪壓他身上,2
種族,2
跪,2
倒水,2
折扣,2
餘,2
珍珠,2
負面,2
降班,2
招來,2
放監,2
博物,2
飛抵香港,2
登上,2
逃避,2
放下棺材,2
右邊,2
踏前,2
風險,2
討厭,2
列出,2
水流,2
貼近,2
溫度高,2
管道,2
裂痕,2
農業,2
突擊,2
三文魚,2
從何而來,2
湧浪,2
圓柱體,2
政權,2
紛爭,2
壓頸,2
拯救,2
搜尋,2
時限,2
超人,2
似乎,2
強制,2
去到,2
監控,2
切斷,2
放學,2
外藉,2
危害,2
取代,2
眾,2
招集,2
延誤,2
過關,2
告知,2
校巴,2
每星期,2
更換,2
書包,2
畫畫,2
曠課,2
遲到,2
年歲,2
女子,2
拍片,2
發生事故,2
過失,2
殺人,2
輪著,2
南方,2
交予,2
另一,2
裡,2
兩方,2
審議,2
走去,2
交由,2
密封,2
預計,2
棍,2
兩邊,2
囚禁,2
葡萄牙,2
功夫,2
填上,2
集團,2
幼稚,2
北斗,2
副主任,2
司法獨立,2
完了,2
條文,2
陳肇始,2
深夜,2
停留,2
閱兵,2
陳帆,2
嘉賓,2
坦克,2
波圖,2
賓菲加,2
看穿,2
頭鎚,2
和緩,2
列入,2
投訢,2
管理自己,2
公眾,2
不批准,2
竹,2
吹哨,2
右,2
叫囂,2
施壓,2
無理,2
井,2
點燃,2
拉扯,2
波子,2
辦,2
哪,2
恐嚇,2
交叉,2
站點在這裡,2
擾亂,2
暗中,2
用槍射,2
扔出,2
磚,2
團體移向前方,2
面向,2
設置路障,2
行走,2
隻,2
左肩,2
流血,2
謝,2
靠近,2
互相敵對,2
藉助,2
叫喊,2
堅定,2
逃犯,2
感情,2
存款,2
不健康,2
九州,2
翌日,2
藏起,2
拔槍,2
戒備,2
票站,2
高爾夫球,2
顧問,2
唐,2
輪椅,2
太陽照耀,2
達標,2
存放,2
引致,2
脫口罩,2
樓梯,2
何月何日,2
收起,2
幹預我,2
接走,2
怪罪於,2
使得,2
爭論,2
尺,2
多人坐下,2
影響我,2
大排檔,2
門票,2
打麻將,2
新鮮,2
交通工具,2
沒注意,2
答覆,2
隊長,2
穿著,2
共產黨,2
雙方滅亡,2
雙方敵對,2
強逼,2
吐口水,2
怎樣來,2
多方防止,2
嚴謹,2
連累,2
拖累,2
捉著,2
人由,2
存入,2
整理,2
區堿,2
太陽照射,2
湧出,2
慈雲山,2
導演,2
車站,2
沒有空間,2
邪惡,2
間隔,2
專心,2
由外面帶進去,2
隠定,2
拉下口罩,2
疑神疑鬼,2
破門,2
立刻,2
扭蓋小樽,2
全滅,2
謠言,2
不方便,2
打疫苗,2
探測額頭,2
雷電,2
驅趕,2
飛機運送抵達,2
船運送抵達,2
厚麪皮,2
維也納,2
短訊,2
客氣,2
規例,2
不肯,2
悶熱,2
演講者,2
年紀大,2
分派飲料,2
這個人全身,2
使用工具,2
整個範圍,2
人上,2
星體,2
峴港,2
預測,2
弄亂,2
圍繞星體,2
撲滅,2
感染我,2
宿,2
貝,2
罰我,2
有蓋瓶子,2
船在航行,2
漏出,2
有權的人,2
鐘響,2
泊成,2
撩,2
罵人,2
飛來,2
粗魯,2
丹麥,2
象,2
用棒子在口中攪拌,2
自已,2
掃描二維碼,2
坐下,2
滿足,3
承擔,3
彥,3
老人家,3
實驗,3
黃色,3
張貼,3
溜冰,3
忙,3
段,3
犯規,3
帆,3
鼓掌,3
赤柱,3
攤位,3
士,3
射槍,3
前方,3
文件夾,3
鐘,3
教授,3
落,3
記得,3
寧,3
羅,3
整體,3
小事,3
思,3
汗,3
總,3
雷達,3
可惜,3
相片,3
相似,3
艇,3
李,3
冒號,3
超越,3
降落,3
一直以來,3
盃,3
封,3
年初一,3
許願,3
身體健康,3
挖,3
躺,3
追蹤,3
抗爭,3
粉嶺,3
無所謂,3
說謊,3
觀眾,3
出名,3
如,3
本,3
條件,3
以色列,3
主權,3
新蒲崗,3
毛巾,3
倫敦,3
聚會,3
突破,3
打破,3
奬,3
胡,3
上班,3
喉,3
底,3
誇,3
吹哨子,3
差距,3
球,3
戴上,3
飛濺,3
可否,3
呈交,3
短缺,3
上去,3
收拾,3
夢,3
下船,3
排長龍,3
興,3
俾面,3
個別,3
我倆,3
費,3
F,3
捉拿,3
駕車,3
馬上,3
躲藏,3
青衣,3
關心,3
認同,3
以下,3
牙,3
敗,3
駛往,3
情人,3
用完,3
昌,3
輪到,3
牙膠,3
癌,3
咬,3
回落,3
櫃臺,3
犯錯,3
城巿,3
丈夫,3
好味,3
照,3
蘇聯,3
湧入,3
喝茶,3
筆,3
中文,3
出錢,3
同等,3
儲蓄,3
難過,3
下年,3
北海,3
來電,3
醫治,3
滑板車,3
拖,3
訪,3
流通,3
東北,3
直抵,3
次序,3
拜拜,3
陪伴,3
廣告,3
一致,3
疲倦,3
彭,3
整齊,3
卡,3
手機,3
閒置,3
無用,3
出席,3
那些,3
騎,3
粒狀,3
相差,3
弟弟,3
違背,3
製,3
大叫,3
麗,3
逼,3
換屆,3
北韓,3
公里,3
運作,3
地震,3
綜合,3
虧蝕,3
氣管,3
樓上,3
暗示,3
直,3
查驗,3
關鍵,3
單對單,3
紅色,3
齊,3
發放,3
警告,3
得,3
艾,3
咳,3
遵守,3
諮詢,3
食肆,3
醫護,3
緩和,3
幫助我,3
顯明鏡觀察,3
久,3
外傭,3
除下,3
程,3
聰明,3
完滿,3
行政會議,3
明早,3
抽出,3
網絡,3
發佈,3
食飯,3
規矩,3
拜祭,3
土生土長,3
招募,3
家居,3
火熱,3
理解,3
談天,3
多人,3
立即,3
坐位,3
透明,3
最快,3
家中,3
統計,3
行路,3
敲詐,3
高層,3
跳舞,3
按摩,3
擅長,3
經理,3
指摘,3
遞交,3
隔籬,3
鑼,3
犠牲,3
亞博館,3
柴灣,3
著名,3
旁邊,3
那兒,3
大使館,3
雙位數,3
草地,3
嗎,3
艱苦,3
法院,3
判決,3
方向,3
最終,3
日子,3
選民登記冊,3
窗,3
桌球,3
忍受,3
儲,3
蒙面,3
截斷,3
排很長隊,3
捉去,3
防護,3
受惠,3
指出,3
著急,3
周,3
給錢,3
過於,3
歸還,3
逃跑,3
大地方,3
日照,3
連接,3
內裡,3
耐心,3
確認,3
最新,3
熱心,3
書本,3
被,3
上載,3
民主派,3
帳篷,3
小巴,3
本身,3
操控,3
其他人,3
主播,3
播出,3
偏頗,3
抹黑,3
政策,3
期限,3
某某,3
腦,3
質數,3
入獄,3
路線,3
添油加醋,3
嘔吐,3
荷蘭,3
丟臉,3
各種限制,3
九龍城,3
草字頭,3
爭鬥,3
處,3
持續減少,3
不及格,3
節慶,3
飄色巡遊,3
爬,3
擺街,3
瘋狂,3
東湧,3
準許,3
發聲,3
們,3
塗,3
發言人,3
暑假,3
隔開,3
跌倒,3
車縫,3
彭斯,3
船運,3
意外,3
冰,3
快樂,3
廣泛,3
出外,3
巡邏,3
剪下,3
條,3
賣出,3
將軍,3
宣揚,3
兆,3
過分,3
審視,3
被邀請,3
聯署,3
西南,3
逐一,3
撥弄是非,3
挑釁,3
燈,3
欄,3
物件,3
希,3
帶走,3
利益,3
散去,3
開傘,3
各,3
分店,3
欺壓,3
開設,3
耕田,3
人民銀行,3
特殊,3
人民幣,3
示威者,3
排開,3
商舖,3
支聯會,3
祿泉樓,3
國家安全法,3
歌曲,3
潑曬,3
很臭,3
臭,3
藉口,3
印刷,3
抹,3
費用,3
派別,3
性命,3
音,3
普,3
阻塞,3
疫苗,3
環球,3
狂暴,3
尷尬,3
切,3
剔除,3
聽從,3
他們仨,3
喪禮,3
獲獎,3
旋轉,3
南海,3
受不了,3
發貨,3
市場,3
從口噴出,3
鸚鵡,3
毫米,3
人數,3
平手,3
爭拗,3
對決,3
斷開,3
身分,3
收錢,3
戶口,3
父親節,3
環保署,3
航空,3
凍,3
司法,3
轉換,3
週年,3
領先,3
擊中頭部,3
消防員,3
左,3
反叛,3
到場,3
長方形,3
搶走,3
撐傘,3
扔,3
怪罪,3
抓回,3
十字,3
飛機回來,3
瓶子,3
車撞車,3
制裁,3
蝙蝠,3
樣本樽,3
升降機,3
挑選,3
顧慮,3
圍圈坐下,3
輸血,3
擠,3
偉,3
停車,3
遊逛,3
碗破裂,3
箱,3
天空,3
承受不住,3
侍應,3
吸煙,3
連,3
椒,3
摸,3
帶口罩,3
完好,3
暢順,3
博,3
稱作,3
星體運行,3
博覽,3
放着,3
棒,3
幼年,3
飛機降落,3
飛機跑偏,3
氣流,3
廣華,3
就這樣,3
飛機飛到,3
它的,3
流動,3
排序,3
不認識,3
櫃員機,3
首都附近範圍,3
劉,4
傾談,4
後面,4
笑,4
平等,4
互動,4
信任,4
奇怪,4
靜,4
狗,4
糖,4
圍,4
通車,4
工程,4
少許,4
請假,4
電郵,4
飛到,4
草,4
解散,4
哭,4
湧到,4
儲備,4
京,4
捉走,4
周轉,4
川,4
來貨,4
源頭,4
屋企,4
熟悉,4
帳戶,4
彈劾,4
逐步,4
掛念,4
瑞士,4
父母,4
吳,4
單,4
個月,4
自動,4
加州,4
老鼠,4
百分之,4
修理,4
諗,4
冬天,4
通風,4
香港仔,4
進,4
街市,4
存留,4
麵,4
罐頭,4
根據,4
懷孕,4
居民,4
綠色,4
脫,4
富有,4
缺席,4
手術,4
退化,4
糞便,4
望,4
夜,4
反口,4
佐敦,4
監獄,4
致電,4
勞動,4
傭工,4
遊,4
起立,4
撕掉,4
演說,4
駡,4
下臺,4
偵查,4
飲食,4
員,4
紙巾,4
麻煩,4
冷氣,4
戴上口罩,4
不合,4
人員,4
洗手間,4
合計,4
軟,4
排除,4
斷,4
上面,4
分之,4
巴士來,4
賠,4
博士,4
總和,4
特,4
滙豐,4
行李,4
晴,4
專車,4
背景,4
公平,4
旅行社,4
久等,4
抽,4
首相,4
體育,4
省,4
煙,4
昨,4
矛盾,4
署,4
不信,4
燒烤,4
格,4
西貢,4
不應該,4
獲得,4
收取,4
支付,4
完全,4
及,4
旅客,4
答應,4
辭職,4
噴霧,4
私家,4
池,4
按鍵,4
圖書館,4
不聽從,4
中止,4
層,4
捐出,4
秒,4
長期,4
歌手,4
各地,4
寬鬆,4
拍手,4
相反,4
正面,4
手帶,4
檢控,4
很好,4
微風,4
那個,4
發布,4
樣本,4
飛抵,4
對話,4
改善,4
來到,4
勞工處,4
玩樂,4
男人,4
擔憂,4
的,4
旁,4
延長,4
雞,4
外地,4
陸續,4
表示,4
入來,4
茶,4
介意,4
滯留,4
商店,4
渣打,4
他們的,4
不聽話,4
射擊,4
密碼,4
仔細,4
表情,4
J,4
旗降下,4
紫,4
記念,4
願不願意,4
停泊,4
直到現在,4
珠江,4
哪兒,4
妹妹,4
揚聲器,4
起牀,4
找不到,4
不可能,4
粗暴,4
乘坐,4
方形,4
想不到,4
橫,4
走路,4
提升,4
犧牲,4
快速,4
損害,4
以及,4
文憑,4
胡亂,4
轉移,4
創造,4
智慧,4
製造,4
美元,4
天晴,4
眼,4
以外,4
公共,4
各個,4
限度,4
男子,4
上訴,4
齋,4
兩種不同規則,4
石頭墜落,4
指數,4
太多,4
出街,4
隨機應變,4
包圍,4
耀,4
畫,4
上臺,4
撕破,4
梅,4
熱門,4
否,4
失蹤,4
深水埗,4
失誤,4
軍機,4
玻璃,4
根,4
譏諷,4
識,4
禮,4
脫下口罩,4
帆船,4
鑿了,4
喧嚷,4
落後,4
被趕走,4
推撞,4
原本,4
即將,4
房屋,4
侵犯,4
級,4
傘,4
丟棄,4
炮彈,4
健,4
爭奪,4
雙重,4
表面,4
真正,4
碼,4
罷免,4
青少年,4
被補,4
一齊,4
螺旋轉,4
黨,4
批發,4
強烈,4
移動,4
污染,4
當中,4
對著,4
價錢,4
雪糕,4
玉,4
送貨,4
破爛,4
甚麼呢,4
委派,4
李家超,4
分配,4
財政,4
船前行,4
沒有用,4
提交,4
營,4
什麼,4
打雷,4
把,4
哈薩克,4
水位上升,4
掩飾,4
拉帷幕,4
看出,4
封口,4
院舍,4
很多次,4
狀元,4
分院,4
微小,4
嗌,4
猛烈,4
博物館,4
批覈,4
重新,5
衝突,5
有問題,5
告訴我,5
維修,5
讓,5
屯,5
子彈,5
進行,5
爛,5
思想,5
電單車,5
塞車,5
鎖,5
道路,5
玩具,5
暴雨,5
疊,5
救護車,5
推,5
投擲,5
蟲,5
噴灑,5
無綫,5
在,5
為,5
每,5
乾淨,5
圖,5
治療,5
沒問題,5
弊病,5
句子,5
證,5
密,5
蓋印,5
鄉,5
引起,5
依靠,5
你們,5
金鐘,5
細,5
經歷,5
各位,5
情緒,5
搬走,5
超市,5
止,5
輸,5
賭,5
模仿,5
練習,5
天天,5
上海,5
勝過,5
爭吵,5
給我們,5
老婆,5
脫離,5
看看,5
沒用,5
忘記,5
痛,5
工廠,5
調換,5
無關,5
很少,5
報紙,5
他的,5
骯髒,5
考,5
排人龍,5
好險,5
延,5
虧損,5
盡量,5
有些人,5
打擊,5
個人防護衣,5
開門,5
焦點,5
仍,5
各樣,5
扮,5
打球,5
變化,5
角色,5
故事,5
評,5
隔,5
協助,5
審,5
婆婆,5
侵入,5
送去,5
送到,5
民主,5
生日,5
黏液,5
探,5
音樂,5
保存,5
詢問,5
地盤,5
報警,5
視乎,5
擠迫,5
配,5
找尋,5
觀光,5
樂,5
流淚,5
消除,5
軌道,5
輸入,5
委,5
付出,5
化學,5
夏天,5
噴射,5
不懂,5
取得,5
多謝,5
除了,5
做不到,5
自行,5
科,5
籌款,5
長者,5
鼓吹,5
美麗,5
凋謝,5
標語,5
空手道,5
亂,5
聊天,5
營運,5
薪金,5
規定,5
遊覽,5
生病,5
找到,5
看情況,5
測試,5
分享,5
預防,5
正確,5
祝賀,5
回去,5
飯,5
喫東西,5
到達,5
提示,5
哥,5
團隊,5
吐痰,5
折,5
感冒,5
飛機抵達,5
法庭,5
休,5
梁振英,5
大樓,5
大概,5
強迫,5
聚焦,5
炎症,5
抓住,5
改革,5
使用,5
最低,5
覆蓋,5
等候,5
信件,5
是非,5
內面,5
撞,5
阿拉伯,5
寫作,5
鵝,5
打仗,5
廣州,5
剪,5
艹,5
裁減,5
藏,5
蘇,5
Q,5
開通,5
監視,5
欺負,5
帽,5
草案,5
言語,5
主題,5
爆炸品,5
藍色,5
指示,5
傷害,5
那邊,5
高雄,5
錢收到,5
介,5
競爭,5
膝蓋,5
聯盟,5
熊,5
佔據,5
年級,5
吵架,5
寬免,5
人大常委會,5
步驟,5
水車噴水,5
分裂,5
無線電視,5
彩虹,5
一同,5
批淮,5
進食,5
設障,5
熟,5
方,5
跳,5
天橋,6
衛星,6
港鐵,6
裝修,6
寄,6
貨運,6
偷偷地,6
病人,6
時段,6
隧道,6
青,6
威,6
性,6
花園,6
顯微鏡,6
洲,6
力量,6
項,6
江,6
董,6
高鐵,6
年幼,6
賭場,6
不好意思,6
甲,6
義,6
木,6
擴大,6
失望,6
旅遊車,6
X,6
冷靜,6
羅湖,6
準確,6
明星,6
私,6
經過,6
土瓜灣,6
分派,6
入球,6
美孚,6
文化,6
團結,6
心情,6
體驗,6
不對,6
呎,6
主要,6
信心,6
回,6
週,6
中學,6
軍隊,6
護照,6
陪,6
W,6
襲擊,6
每人,6
反應,6
拍照,6
來源,6
悶,6
電腦,6
會員,6
連續,6
深,6
廣場,6
皇,6
同學,6
面,6
養,6
伊朗,6
分析,6
消防,6
太子,6
放火,6
毛,6
按照,6
名稱,6
出軌,6
廣播,6
成績,6
初步,6
不幸,6
東南,6
行動,6
華盛頓,6
診所,6
集體,6
Y,6
數據,6
不能夠,6
打擾,6
網球,6
健身,6
安靜,6
技術,6
發言,6
間,6
片段,6
運輸,6
行街,6
令,6
出口,6
臉,6
檢疫,6
被告,6
流程,6
同時,6
大雨,6
那裡,6
清除,6
準時,6
類別,6
特首,6
原來,6
反抗,6
溫度上升,6
湧去,6
模糊,6
樣子,6
盡力,6
升旗,6
人權,6
中聯辦,6
直至,6
智,6
下跌,6
檢討,6
支薪,6
註冊,6
長洲,6
鼻,6
聯合,6
導致,6
毒品,6
至今為止,6
評論,6
坐牢,6
允許,6
最多,6
羣體,6
預訂,6
建設,6
起源,6
加起來,6
打包,6
寬,6
飽,6
歌,6
氣,6
吸毒,6
指責,6
混合,6
解除,6
獻花,6
洗,6
隨便,6
講演,6
善良,6
願意,6
雪糕筒,6
加上,6
黑人,6
領事,6
煮,6
龍舟,6
基因,6
蜜蜂,6
押後,6
東西,6
茶樓,6
新疆,6
下屬,6
呼籲,7
年輕人,7
獲利,7
粉,7
港,7
星星,7
廣,7
驅逐,7
複雜,7
身份證,7
裁判,7
幾多,7
流,7
深入,7
複製,7
加強,7
榮,7
飛回,7
審理,7
輕,7
每日,7
飛去,7
荃灣,7
系統,7
填寫,7
消滅,7
回應,7
顯示,7
迪士尼,7
參觀,7
放心,7
炸彈,7
之外,7
參考,7
哈,7
整個,7
生氣,7
習慣,7
類似,7
工人,7
廁所,7
他們倆,7
尖沙咀,7
力,7
寶,7
建,7
夏,7
綫,7
將軍澳,7
批,7
印尼,7
別人,7
布,7
工會,7
展示,7
隱藏,7
看不見,7
出院,7
駛去,7
全日,7
阻擋,7
園,7
平時,7
命,7
火炭,7
北角,7
提早,7
起,7
展覽,7
認為,7
流鼻水,7
上次,7
項目,7
貿易,7
太空,7
倒塌,7
驅散,7
跑步,7
留下,7
經營,7
陽性,7
文章,7
爭取,7
勝,7
樓宇,7
假如,7
郵寄,7
首次,7
衫,7
關注,7
遺漏,7
所以,7
即時,7
羣,7
祕魯,7
理,7
總統,7
巴仙,7
提供,7
說話,7
場地,7
引,7
祕書,7
愈來愈多,7
單位,7
請看這,7
解封,7
臨時,7
回覆,7
位置,7
譯員,7
專門,7
符合,7
誰人,7
調動,7
判,7
聆聽,7
反覆,7
革命,7
煽惑,7
頸,7
匯率,7
沙田,7
掃除,7
發薪,7
喉嚨,7
鄭,7
房委會,7
車輛行駛,7
引渡,7
協議,8
階段,8
爭執,8
期,8
全世界,8
下面,8
節省,8
觀塘,8
召集,8
額探,8
氣氛,8
水浸,8
程度,8
不到,8
保護自己,8
垃圾,8
等等,8
動物,8
上星期,8
師,8
進步,8
猜,8
留家,8
飲茶,8
靠,8
團,8
散,8
仁,8
打電話,8
付錢,8
無辦法,8
賣光,8
任何人,8
肯定,8
孕婦,8
越南,8
所有,8
神,8
生命,8
上年,8
提,8
站立,8
談話,8
推車,8
兒子,8
裏,8
簡單,8
下星期,8
教會,8
火箭,8
廣闊,8
太古,8
武漢病毒,8
小學,8
吹,8
互相,8
貼,8
勁多,8
創,8
程序,8
紙幣,8
尋找,8
利息,8
落敗,8
何時,8
除去,8
流行,8
精神,8
律師,8
距離,8
有人,8
十幾,8
管制,8
瓶,8
匯報,8
分別,8
收到,8
粥,8
措施,8
裁定,8
犯罪,8
些,8
放入,8
確診,8
失去,8
知識,8
物品,8
培訓,8
彈性,8
合約,8
巴西,8
顏色,8
爭辯,8
軍人,8
後嗣,8
否認,8
壓,8
黑色,8
過份,8
不明白,8
訂立,8
解放,8
國安法,8
搶掠,8
居住,8
天文臺,8
漏洞,8
首長,8
杯,8
行政長官,8
蘋果,8
切割,8
接下來,9
內容,9
壞心腸,9
集中,9
菌,9
元,9
延遲,9
至今,9
閱讀,9
視像,9
胡椒,9
起火,9
道,9
態度,9
觀察,9
不怕,9
範圍,9
飲,9
浪費,9
打敗,9
不願意,9
板,9
怎麼辦,9
運貨,9
霸,9
可,9
安慰,9
一直,9
運送,9
變成,9
聯繫,9
包,9
像,9
同,9
打針,9
貴,9
不清楚,9
號,9
語言,9
不公平,9
圈,9
探訪,9
公園,9
行山,9
福,9
財,9
官,9
放鬆,9
講座,9
埃及,9
首爾,9
人們,9
大阪,9
角,9
油麻地,9
外賣,9
障礙,9
苦,9
老人,9
葵涌,9
首都,9
保障,9
影片,9
記錄,9
無辜,9
商業,9
狂風,9
贏,9
豁免,9
今次,9
聽到,9
解僱,9
反思,9
郭,9
分數,9
集合,9
譴責,9
增多,9
麥,9
各處爆發,9
晴天,9
事務,9
檔案,9
加入,9
興建,10
界,10
期待,10
拖延,10
平衡,10
負擔,10
蜂擁而至,10
雨傘,10
鐵,10
儲存,10
白色,10
寄信,10
加價,10
喫虧,10
時期,10
女兒,10
唯一,10
股票指數,10
消失,10
平均,10
民,10
酒,10
稱為,10
移民,10
傳,10
每個,10
午,10
壞,10
敏感,10
表達,10
室,10
裁員,10
很久,10
結果,10
閉路電視,10
科學,10
付,10
H,10
退出,10
鬥,10
沒事,10
報名,10
溫暖,10
消毒,10
指向,10
獅子,10
命名,10
通過,10
現金,10
容許,10
曾,10
商量,10
啤酒,10
厲害,10
這裏,10
報道,10
進來,10
建築物,10
抓,10
V,10
證據,10
審訊,10
處所,10
表,11
勞工,11
代替,11
店舖,11
落閘,11
哪裏來,11
橋,11
節日,11
紅磡,11
舊,11
口,11
環保,11
中環,11
公主,11
海鮮,11
穿,11
報,11
弱,11
廣東,11
騙,11
投資,11
越來越少,11
冷,11
同事,11
凌晨,11
籃球,11
直升機,11
買賣,11
回復,11
詳細,11
幫我,11
便宜,11
蛋,11
爭議,11
慢,11
M,11
查,11
跌,11
泊船,11
設計,11
迫,11
雙方,11
將,11
士兵,11
提出,11
忽然,11
表現,11
宣誓,11
播放,11
聚合,11
酒精,11
介紹,11
相同,11
佔,11
放寬,11
細節,11
招聘,11
安心,11
勝出,11
完整,11
數目,11
收藏,11
雷暴,11
林鄭月娥,11
管治,11
最高,11
那裏,11
名單,11
口號,11
付款,12
直接,12
龍,12
旅遊巴,12
恭喜,12
闊,12
數量,12
乾,12
保,12
以上,12
送,12
直到,12
樹,12
常常,12
傳統,12
探熱,12
刺激,12
叫,12
星,12
無奈,12
逗留,12
資源,12
店,12
忍,12
盒,12
留在,12
返回,12
完結,12
這樣,12
入院,12
事件,12
電影,12
慶祝,12
元朗,12
喜歡,12
楊,12
會不會,12
偏,12
勾結,12
肉,12
指派,12
冠,12
G,12
交換,12
幹擾,12
建立,13
河,13
中午,13
美,13
不一定,13
接近,13
親戚,13
退步,13
示範,13
勝利,13
升,13
幼稚園,13
來回,13
馬來西亞,13
新年,13
講,13
字頭,13
遠,13
前面,13
巴,13
太,13
新界,13
簽署,13
設施,13
羊,13
葉,13
帶領,13
泊,13
上學,13
衣,13
游泳,13
電臺,13
綠,13
空,13
起名,13
舉起,13
環,13
恐怖,13
血,13
英文,13
商討,13
濕度,13
西班牙,13
完善,13
美容,13
嚴厲,13
樣本瓶,13
遊行,13
利用,14
梁,14
租金,14
紙,14
通宵,14
負責人,14
法官,14
醫療,14
火車,14
全身,14
辛苦,14
外出,14
剛,14
按,14
旅行團,14
爸爸,14
追,14
歧視,14
開放,14
灣,14
大學,14
不理,14
洗手,14
被捕,14
免,14
邨,14
向,14
津貼,14
青年,14
司機,14
嘗試,14
表演,14
哪裏,14
落雨,14
睡覺,14
營業,14
基本法,14
損失,14
告訴,15
給我,15
能力,15
屯門,15
出入,15
嬰兒,15
結婚,15
陳,15
不喜歡,15
道歉,15
支出,15
沒辦法,15
忍耐,15
華為,15
出,15
年輕,15
有否,15
送院,15
咳嗽,15
平安,15
專注,15
城,15
德國,15
社區,15
蔓延,15
豬,15
挑戰,15
舒服,15
踢,15
剛才,15
初,15
漏,15
指揮,15
逃走,15
拍攝,15
軍,15
戰爭,15
部,15
它,15
離開,15
酒樓,15
証明,15
正,15
預約,15
炎熱,15
何,16
跟隨,16
政治,16
宣傳,16
警,16
霸佔,16
表格,16
不適合,16
法國,16
店鋪,16
明顯,16
召,16
手,16
非法,16
巴士,16
運動,16
到今,16
炒,16
歡迎,16
領事館,16
收,16
交給,16
臺,16
電視廣播有限公司,16
承諾,17
出生,17
步,17
市民,17
收入,17
福利,17
公開,17
捉,17
家庭,17
E,17
貨品,17
活,17
S,17
吸引,17
約,17
演講,17
碼頭,17
跑,17
樽,17
細菌,17
康,17
越來越多,17
等待,17
反,17
發射,17
唾液,17
煽動,17
捐,17
跟從,17
組別,17
人民,18
不行,18
膠,18
九龍,18
暖,18
紅,18
思考,18
排,18
防守,18
法例,18
島,18
主動,18
課,18
拉,18
油,18
媽媽,18
不舒服,18
假期,18
多次,18
場,18
家人,18
知,18
不夠,18
偷,18
專,18
丁,18
旗,18
封鎖,18
牌,18
間中,18
經驗,18
巴基斯坦,18
害怕,19
經常,19
村,19
客人,19
尊重,19
監禁,19
勇,19
溝通,19
N,19
為何,19
電視,19
網上,19
出去,19
永遠,19
位,19
太陽,19
不合理,19
地,19
需要,19
稱呼,19
開槍,19
機器,19
政,19
藍,19
怕,19
今年,19
佛,19
持續,19
有權利的人,19
權利,19
銅鑼灣,20
近,20
安,20
小朋友,20
大埔,20
明,20
趕走,20
保留,20
破,20
殺,20
分離,20
錯誤,20
立法會,20
簽名,20
本土,20
氣溫,20
字,20
習,21
方便,21
回家,21
擲,21
玩,21
愛,21
王,21
I,21
全球,21
抗議,21
唱歌,21
D,21
俄羅斯,21
立法,21
百份比,21
內部,21
穩定,22
有沒有,22
左右,22
紐約,22
為甚麼,22
簽約,22
主任,22
上課,22
她,22
暫停,22
要否,22
承認,22
搬,22
是,22
湖北,22
每天,22
重,22
阻止,22
亞洲,22
喫,22
和平,22
生計,22
石,22
事情,23
收集,23
機場,23
田,23
不開心,23
駕駛,23
撥款,23
私人,23
門,23
順利,23
欺騙,23
人流,23
復,23
座位,23
老師,23
隱瞞,23
韓國,23
機,23
節,23
適合,23
駐,23
貨物,24
要求,24
電,24
光,24
噴,24
報導,24
要不要,24
失敗,24
開心,24
這些,24
頭,24
歷史,24
踢球,24
冠冕,24
簽,24
新型冠狀,24
稅,25
槍,25
發燒,25
衣服,25
戴,25
失業,25
假,25
銀行,25
試,25
號碼,25
搶,25
祕密,25
酸,25
閃電,25
湖,26
菜,26
泰,26
換,26
借,26
差,26
封閉,26
房間,26
足夠,26
昨天,26
海洋公園,26
牀,26
黃,26
這裡,26
雷,26
的士,26
害,26
呼吸,26
拜,26
隊伍,26
新冠病毒,26
曬,26
登記,26
專家,27
平,27
放假,27
擴散,27
加拿大,27
倍,27
看不到,27
票,27
屬於,27
逛街,27
英,27
灣仔,27
監督,27
事實,27
出糧,28
旺角,28
休息,28
不理會,28
學,28
朋友,28
消費,28
賺,28
自由,28
組織,28
訂,28
不好,28
魚,28
生,28
出任,28
派發,28
金,29
試過,29
集會,29
不滿,29
緊張,29
非,29
電話,29
B,29
選舉,29
小心,30
尾,30
照顧,30
黑,30
目的,30
聽,30
資助,30
新加坡,30
拒絕,30
鼓勵,30
保安,30
書,30
批評,31
壓力,31
多少,31
明白,31
飛,31
食,31
意思,31
國際,31
誤會,31
簽證,31
回答,31
突然,32
見面,32
建築,32
城市,32
過去,32
全,32
病毒,32
客,32
本地,32
常,32
P,32
示威,33
堅持,33
某些人,33
米,33
退,33
同意,33
深圳,33
網,33
不知,33
話,33
負,33
交,33
入境,33
意大利,33
是不是,34
你,34
答,34
商場,34
鑽石,34
確定,34
會議,34
混亂,34
那,34
委員會,34
罪,34
先,34
機構,34
散播,34
再次,34
白,35
修改,35
帶,35
泰國,35
澳洲,35
花,35
誇張,35
紀念,35
責任,35
大廈,35
韓,35
張,35
基金,35
放棄,35
是否,35
霧,35
故意,35
職員,35
嚴格,35
羣組,35
和,36
合理,36
火,36
教,36
宿舍,36
<STOP>,37
容易,37
質素,37
緊急,37
聯絡,37
亞,37
老闆,37
免費,37
瞭解,37
文件,37
年齡,38
涼,38
波,38
審判,38
代,38
普通,38
足球,38
傳播,38
明日,38
酒吧,38
制,39
線,39
正常,39
交通,39
身體,39
文,39
解決,40
滿,40
州,40
獨立,40
奧運,40
配合,41
工,41
租,41
沙,41
釋放,41
受傷,41
護士,41
首先,41
讀書,41
菲律賓,41
桌,41
依然,42
遲,42
下降,42
請,42
成立,42
訓練,42
哪裡,42
勁,42
教育,42
有些,42
基本,43
爆炸,43
打,43
見,43
生活,43
救,43
小時,43
轉,44
説,44
管,44
用,44
食物,44
封關,44
即,44
專業,44
南韓,44
對,45
一般,45
找,45
關門,46
藥,46
因為,46
記者,46
星期日,46
錯,46
補,46
任何,46
關係,47
酒店,47
副,48
大家,48
其他,48
清楚,48
了,48
冠狀病毒,48
暴力,49
上網,49
水,49
空氣,49
解釋,49
放,49
印度,49
股票,49
裡面,49
清理,50
個人,50
即刻,50
康復,50
身份,51
行,51
部門,51
社,51
社會,51
誰,51
歐洲,51
分鐘,52
東京,52
一起,52
地鐵,52
成功,52
T,52
新冠肺炎,52
條例,52
努力,53
機會,53
不知道,53
合作,54
急,54
題目,54
A,54
取,54
違反,54
破壞,55
街,55
報告,55
站,55
馬,56
短,56
K,56
聯,57
德,57
回來,57
晚,57
參加,57
小,58
住,58
主席,58
估計,59
控制,59
看到,60
比較,60
接受,60
定,60
意見,60
之後,61
感覺,61
對於,61
樓,61
降下,61
人人,62
隊,62
例如,63
山,63
違法,63
有時,63
西,64
訪問,64
幹涉,64
爆發,64
發展,64
交流,64
指,64
醫院,65
最近,66
延後,66
服務,67
談,67
今日,67
L,67
學校,67
代表,68
留意,68
知道,68
華,68
怎樣,68
老,68
懷疑,69
一定,69
海,69
剛剛,69
問題,69
公,70
戴口罩,70
隔離,70
申請,72
消息,72
醫生,72
大約,72
O,72
行為,72
權力,73
員工,74
嚴,74
排隊,74
林,75
臺灣,75
房,75
走,76
冠狀,77
期間,77
肺炎,77
建議,78
求,78
生意,78
暫時,79
環境,79
控告,79
喫飯,79
日期,79
有權力的人,80
信,80
他們,80
點,80
比,80
記,80
派,81
長,81
留,82
英國,83
投票,83
陽光,84
不同,84
調查,85
外國,85
感染,85
低,86
貨,86
賣,86
特別,86
次,87
接收,87
數,87
路,87
分,88
前,88
早,89
關閉,89
車,89
醫,89
特朗普,90
億,91
過程,91
團體,91
活動,91
寫,91
C,91
恢復,91
差不多,92
比賽,92
等,93
權,93
接觸,93
問,93
新冠,93
強,94
女,94
歲,94
熱,94
分開,95
支持,95
不要,95
地區,95
聚集,95
半,96
批准,97
毒,98
未,99
領袖,99
立,100
某些,100
北,101
男,101
下午,101
考慮,102
曾經,102
完成,102
資料,102
學生,102
跟,103
世界,104
取消,104
北京,104
好像,105
東,106
事,106
附近,106
選,107
雨,107
晚上,108
旅遊,109
坐,109
返,109
化驗,110
武漢,112
擔心,114
濕,114
我們,115
澳門,115
上,116
評估,116
到,118
發現,118
南,118
健康,118
上升,118
下,120
拘捕,120
開,120
如何,121
重要,122
重複,123
餐廳,123
考試,123
反對,124
發炎,125
委員,125
船,125
困難,127
少,127
雲,128
提醒,128
最後,130
禁止,131
開會,132
其實,132
減少,132
議員,133
研究,133
發生,134
時,134
減,135
公司,136
主,136
大,139
家,139
心,140
危險,142
估,144
懲罰,146
命令,146
快,146
新聞,147
安排,147
下雨,147
高,148
早上,152
來,152
未來,153
處理,153
日本,155
樣,158
買,160
明天,162
天氣,162
嚴重,164
請看,164
希望,165
衞生,165
好,167
關,168
飛機,169
經濟,172
錢,173
有關,173
停,174
包括,175
管理,180
覺得,182
風,185
決定,187
各種,188
方法,190
準備,195
某人,198
保護,199
零,202
做,204
百分比,205
口罩,208
但是,214
繼續,215
至,218
仍然,218
幾,220
自,224
後,225
超,230
他,233
幫,234
溫度,235
完,239
地方,239
個,243
防,244
如果,246
可能,247
入,248
計算,249
日,250
以前,250
安全,251
傳染,253
中,261
萬,261
死亡,265
最,267
限制,275
外,275
時間,280
甚麼,285
計劃,286
檢測,288
千,295
天,298
組,314
關於,315
看,319
部分,325
第,330
另,331
九,334
規則,343
年,348
區域,349
或者,357
影響,362
想,364
變,365
証實,368
去,373
警察,376
給,380
百,396
不能,398
國,403
工作,408
內,417
八,417
開始,424
七,450
法,462
負責,466
美國,472
炎,473
我,477
再,481
六,490
星期,497
今,501
新,503
兩,513
不,517
沒,538
月,540
五,556
屋,568
情況,586
現在,605
病,606
,649
能,661
四,667
內地,682
多,720
加,792
<X>,808
<BAD>,809
肺,928
要,950
政府,962
會,966
真,980
三,990
十,1060
名字,1065
全部,1084
二,1117
香港,1249
<MUMBLE>,1251
這,1276
說,1350
人,1556
一,2128
有,2224
