1,2925,['答問', '時光飛逝', '視而不見', '行爲', '怨氣', '定下', '列表', '人面對面坐', '克', '又一城', '靚', '張開長方形', '貼長方形', '在下位的', '星巴克', '噴漆', '招牌', '中間', '旅遊巴到', '飛機滑行', '旅遊巴來去', '大人', '八達通', '顯徑', '極端', '武', '差距大', '差距收窄', '意兒子', '一共', '多區', '這個團體', '給他們', '簡單地説', '互相關連', '電單車行駛', '車開走', '美國護照', '車駛走', '車行駛', '禁', '穿着背心', '戴着頭盔', '全套衣物', '緬甸', '山火', '拖車', '請看右邊', '小規模爆發', '便衣', '抬擔架', '抬上', '走向前', '對峙', '分成兩邊', '行駛', '車撞過去', '防毒面具', '感', '合符', '條約', '飛機到達', '發源', '更好', '喫不消', '甚麼時候', '油油漆', '不太好', '交給政府', '交給大家', '浙', '北京西', '從這個地方擴散出去', '自己想', '升降', '不定', '辯駁', '證件', '給她', '調遷', '賭博', '限制不會', '積存', '房子', '多個區域', '責罵我', '沒所謂', '籐', '射水喉', '滅', '對立', '鄺', '不斷改變', '有關聯', '找來', '律', '烏克蘭', '扣起', '獨行俠', '攔截', '分球', '入樽', '奪取', '最尾', '連勝', '每小時', '收費', '入油', '越減越少', '飛走', '爺爺', '飛機場', '坐上飛機', '套上', '售罄', '化妝品', '受感染', '再升級', '瞄準', '護目鏡', '發熱', '打噴嚏', '大馬', '關聯', '有檔', '垃圾桶', '蚊', '農曆', '有檔販', '掛', '初一', '圍枱', '熱鬧', '擔架', '初三', '例', '時間表', '年初四', '退票', '摸門釘', '纜車', '賣票', '緩解', '出動', '障礙物', '駛過', '駛', '海關', '煩', '製成', '年年', '拳手', '驕傲', '仰慕', '清晨', '玫瑰', '花瓣', '直通車', '防何', '爭', '人湧', '迷失', '籃球場', '測驗', '用光', '鰂魚湧', '康山', '鑽石山', '撒', '返工', '擔任', '推開', '倒地', '石硤尾', '空白', '上期', '西藏', '芬蘭', '給面子', '照顧我', '好不好', '沒貨了', '日內瓦', '解除合作關係', '多間銀行', '名字字', '帶到', '鹹魚', '無論', '多人排隊', '杯麵', '興奮', '妝', '茘枝角', '旅舍', '申', '隠瞞', '有闗', '一起向前', '熱烈', '西蘭', '盟', '昆蟲', '有限', '湖L', '鹹', '拋棄', '旅團', '讓給', '棺木', '揼釘', '順序', '模範', '治', '隔絕', '瞪眼', '右手', '左手', '託付', '主角', '怎算', '贊同', '罷了', '耳探', '社會福利署', '橫式', '從來', '注', '蓋上', '廁板', '窄', '牙刷', '開關', '撐不下去', '搬移', '外國人', '越多', '流入', '睡房', '沖繩', '香港人', '色', '腳軟', '火焰', '禮貌', '某事', '對象', '茘景', '湧現', '誠', '則', '缺勤', '叩門', '開門柄', '住家', '人湧上來', '打蛇餅', '面對面', '直向', '龍頭', '龍尾', '抱', '厠紙', '女性', '衞生巾', '維多利亞', '瑞典', '沙沙', '小鳥', '珼', '送上', '展現', '一起來', '覆診', '拿不到', '流眼淚', '取不到', '不走', '連鎖', '門外', '盧', '飛沫', '折返', '吹起', '挾持', '戴著頭盔', '發訊息', '追踨', '積蓄', '宅', '保護身體裝備', '存', '廿幾', '謝謝', '喝酒', '得獎', '水渠', '劃', '理工', '看字幕', '芬', '骨', '睇', '螢', '幕', '由', '餵奶', '伯', '聯合國', '葡萄', '衝浪者', '擊中', '昏迷', '復課', '小六', '圈子', '面試', '開香檳', '留存', '烏溪沙', '協', '拍成', '窒息', '掛牌', '落下', '拖行李', '心驚', '全身防護裝備', '徒', '身體污染', '校車', '保母', '有沒', '無聊', '行開', '好嗎', '重疊', '不明白發生何故', '獲準', '得奬', '奬牌', '獲勝', '不明白會這樣', '也', '下機', '申報', '賊', '告示', '打探熱', '體溫', '談話近', '幾下', '跟進', '外人', '彌撒', '撥給', '密密麻麻', '露臺', '出城', '圍住', '鼻道', '自由行', '開視像', '去過', '實', '聊電話', '天主教', '基督', '用了', '想辨法', '供給', '圓形', '目錄', '出產', '迷你', '月亮', '右腳', '抽筋', '上庭', '暫', '陽', '受壓', '淡', '甚麼意思', '辣', '開喉', '熄滅', '單車', '大聲', '磅', '厚', '廟宇', '開火', '打受傷', '淚', '退後', '慧', '官塘', '解剖', '飯盒', '贊助', '投', '大邱', '講道', '就任', '上山', '下山', '行來行去', '喘氣', '延改', '秋天', '原諒', '應用程式', '宣', '誓', '馬哈', '出賣', '護', '放工', '戴眼罩', '離婚', '人主', '牆', '先生', '自殺', '看大家', '落機', '檢查身體', '螺絲', '距', '名名', '蝕', '追討', '付給', '抵', '主持人', '傭人', '鐵路', '同伴', '嚴管', '竟然', '停辦', '創新', '按掣', '訟費', '牠', '抵達', '被安排', '回想', '拿行李', '聾人', '上機', '起程', '區議員', '攻擊', '偏袒', '不知所謂', '自助餐', '印', '手臂', '估到', '開玩笑', '字典', '巡視', '晩上', '自願', '補選', '親生', '會長', '盒裝', '參閱', '拖著', '指定', '福建', '泉州', '揹包', '制服', '按了', '泉', '被困', '安撫', '心態', '跨欄', '享受', '院', '三藩巿', '驚', '入去', '瞎搞', '有能力', '恐', '喧嘩', '圍著', '演習', '望遠鏡', '察看', '攤檔', '前線', '總領事館', '被派來', '輻射', '隔日', '餵', '選定', '藥效', '能否', '奧運會', '駐港總', '領使館', '郵輪', '當局', '大部分', '康復者', '特區', '拳王', '私立', '留位', '款', '轉校', '默哀', '列入名單', '斜坡', '甲組', '懶散', '令人', '恐怕', '苦歷', '深喉', '年紀', '鼓動', '誘惑', '杜魯多', '病情', '自我', '太小', '寄宿', '它們', '裁撤', '學者', '被指令', '派人', '碰面', '喉管', '會眾', '社聯', '外來', '發文', '瞞', '守法', '學了', '不懂事', '沒甚麼', '鈴', '滿意', '不漂亮', '不戴', '差點', '房屋署', '今星期', '舞臺', '打鼔', '陰影', '大提琴', '焦慮', '恆生', '感謝', '向下', '風筒', '稱', '搽脣膏', '舔嘴脣', '吸收', '飲水', '抺去', '脣膏', '入體', '辯論', '奬盃', '受不', '支援', '耳帶', '每個人', '不成功', '地鐡', '荔枝角', '複', '細究', '閉路電視片', '訟', '聖火', '典', '穿上', '傳染散播', '轉到', '源自', '運', '斬', '招', '人入境', '大眾', '如有', '要有距離', '香港郵政', '華人', '被襲', '拉索帶', '駐守', '掛隊', '手拎很多東西', '到處都沒有', '按壓', '擦', '搓手', '搶奪', '打架', '噴人', '父', '刺', '縫', '召來', '東方', '答謝', '榮譽', '奇妙', '有名', '柱', '開始香', '港人', '哪個', '基礎', '留意報道', '山頂', '除', '喝醉', '親密', '會社', '空間', '推卸責任', '她們', '圍起', '提堂', '是否沒有事', '轉往', '一起去', '日本東京', '漸變多', '祕密外出', '被帶到', '默契', '控制自己', '有地方', '或是', '出入境', '看仍然', '首', '領導', '接著', '特朗普希望', '首先提出', '體驗過', '那間', '拿到', '人流緊密', '省錢', '盲目', '廣泛傳染', '幸運', '真幸運', '收短訊', '販賣', '已完成', '現在仍然', '飛回來', '冬季', '關閉場所', '做到', '不時', '大風', '長時間', '辦公室', '客廳', '噴手', '醉酒', '親蜜', '有用', '頂點', '車票', '鄭麗瓊', '交回', '答案', '到處去', '實驗室', '中轉', '無問題', '通話', '選手', '大型', '習近平', '稅金', '累計', '火藥', '彈殼', '小路', '石屋', '關口', '路蓮花', '分娩', '心急', '類型', '和緩風', '中等', '新聞報告', '坐着另', '過來坐', '面對面坐下', '加裝很多膠版', '筷子', '人們圍圈坐', '各坐一邊', '每邊各四', '掃墓', '明白事理', '耕種', '不會嗎', '各各式各樣', '面對面坐開', '通電話', '打機', '送進', '這兒', '薄餅', '麵包', '好過', '冷淡', '無辧法', '遇正好', '意義', '縮減', '這段時間', '知悉', '其他哪裡', '搶購', '違規', '簿', '蓋章', '農村', '拿著', '貨源', '充足', '惠康', '棘手', '豁下', '鄰', '協會', '席', '至到', '偏風', '和暖', '入住', '未有', '有部分', '截至', '有機會', '流傳出去', '清單', '轉至', '互聯', '病房', '穿手帶', '我現在增加', '保護罩', '百幾', '招待', '噴沫', '有手帶', '高矮不一', '簾', '難以', '裝備', '乘搭', '遠處', '積分', '未知', '多點', '觀看', '董事', '看得清', '兩至', '小型', '咒罵', '牙明天', '每年', '每月', '遇見', '林鄭女娥', '用處', '將會', '除此之外', '明瞭', '抽調至', '再者', '冠肺炎', '這個範圍', '涼快', '提醒大家', '營商', '識趣', '究竟為何', '不知所云', '乏力', '火燒', '來吧', '想不想', '坐船', '茶葉', '支持我', '支持你', '宵夜', '上層', '避免', '融合', '傷害自己', '辭退', '遏止', '告', '遷冊至不同地方', '打字', '列印', '走下船', '放到', '陰性', '關連到', '打鼓', '細則', '清明', '拜山', '條款', '浮', '沖擊', '撞在網上', '堵車', '傳達', '邦', '船停泊', '寫書法', '滑手機', '按手機', '翻查', '同一', '尿片', '派藥', '天空嘈吵', '習主席', '中南海', '企開', '響鞍', '響', '這次', '首先發生', '沉靜', '李文亮', '犧牲自己', '在不同位置的旗桿', '金紫荊廣場', '旗愈升愈高', '長方柱體', '石碑', '落船', '人離開船隻', '迪士尼綫', '頒', '害人', '或者偏頗', '班次', '飛機進入', '不快', '明晚', '強勢', '肺炎檢驗', '多人相視而坐', '相視而坐', '單張', '命令警察', '去不同地方', '巡查', '氣罩', '通關', '回到', '泊車', '網站', '人來', '蝶', '列入名冊', '密雲', '晨', '洋', '很近', '醫管局', '轉介', '充份', '罰錢', '下棋', '相對而坐', '空閒', '玩啤牌', '抱怨', '椅子', '包封', '隱蔽', '走過', '哂太陽', '匪夷所思', '攪珠', '裁判官', '成人', '不能承受', '新冤病毒', '愈來愈差', '出耀', '與不同的羣體一起', '這個和那個', '混淆', '社工', '過往', '裁決', '收貨', '農產', '補助', '那地區', '腰斬', '後天', '有影響', '金錢資助', '短期', '失業人', '助理', '政治助理', '短訊發送給我', '收窄', '感受', '望周圍', '關卡', '出去外面', '武漢站', '火車行駛', '廣西南寧', '多人離開', '長江', '很多燈亮起', '和過', '改建', '留院', '大九', '羣組自己', '基礎可以', '薪酬', '幪面', '人排排坐', '長頭髮', '領取', '四方', '印章', '頒布', '屍體', '購買或', '好運', '划船', '握風箏把手', '風箏', '殺死', '密不透氣', '胡思亂想', '長州', '梅窩', '算數', '瞓', '過夜', '玩完', '開如', '掌聲', '招覽', '被動', '飛昇', '減價', '人體', '繁殖', '小看', '準備好', '蜂擁', '排很長簿隊', '車等', '幸', '建成', '多少日', '團聚', '光榮', '氣溫上升', '捉到人', '新型', '介不介意', '始果', '轉嫁', '閞會', '自覺', '保持', '感謝眾人', '指屏幕下方', '交易', '覆蓋全身', '氧氣', '整個身體', '餃子', '重量', '週日', '頭暈', '爪', '多方合作', '非常重要', '用力轉彎', '繞過踢到球', '球到附近', '轉彎', '大組', '踢入', '黑暗', '差異大', '譚', '去除', '模樣', '貨入境', '借用', '隱祕', '自省', '衝動', '扔掉', '不聽', '找我', '國外', '周全', '例子', '工具', '大幅增加', '擔保', '支出很多', '美洲大陸', '李柱銘', '控告我', '後悔', '上午', '無事', '卸責', '電腦遊戲', '結束', '球迷', '南風', '中後', '控訪', '視', '授權', '人類', '人造', '量', '一般人', '演唱會', '百份率', '職工盟', '帛琉', '帕勞', '籌集', '披頭四', '保羅麥卡尼', '世界衞生組織', '國際公益組織', '屋內', '民眾', '港元', '捐獻', '世衛', '張學友', '陳奕迅', '莎蓮娜威廉斯', '莫拿託路', '南部', '閉門', '排名', '哥芬', '稍後', '警察總部', '郵件', '處長', '預訂了', '住客', '前臺', '交還', '我問', '對方', '住宿', '貨車', '拉開', '運到', '搬運', '起草', '辦公', '事實上', '所謂', '添加', '新華社', '套用', '負任', '兩辦', '成員', '改正', '中央人民政府', '駐香港', '頁', '依照', '照樣', '搬動', '物體', '包裹', '不穩定', '粉末', '海嘯', '團結香港基金', '印花稅', '土地', '紀律', '港臺', '博彩', '更改', '妥善', '傑志', '更加', '負數', '至目前為止', '向前', '離職', '問到', '人事', '朝向', '迫切', '重點', '統籌', '以來', '離任', '現在恭祝', '愉快', '年資', '中立', '勤力', '開頭', '各界', '忠誠', '保留身體內', '被擲', '謀殺', '駕駛達到', '拉上閘', '走動', '人士', '位於', '有關人', '全面遮掩', '看不清楚', '叫做', '方塊', '裝入', '騁請', '會一', '清涼', '勁大', '堆', '人之中其中', '此人', '十多天', '有超過', '帶到另一地方', '衝門而出', '護理', '取書', '太多聚集', '見面時', '商戶', '駕車往', '不宜', '水氣', '選出', '立`', '補留', '留在家', '身體檢查', '各種不同', '陽光照下', '陽光遍地', '小童', '下學期', '他說', '注入', '進入體內', '伊斯蘭', '很多屋', '各處清潔', '摘下眼鏡', '擦眼鏡', '好像這樣', '不同命令', '籃子', '朝拜', '怪', '周圍分開', '圓形屋頂', '投射', '全體團結', '下注', '同歸於盡', '增長', '冒出', '揮動衣物', '火警嚮', '控罪', '一直增加', '團體到達', '聚集很多', '集體移動', '查詢', '空氣流通', '臨近', '遙控', '層次', '一馬超越另一馬', '拍', '朦朧', '逐步增多', '程度降低', '雙向', '困於', '程度提高', '變多', '我保護你', '你保護我', '不允許', '創立', '充電', '家長', '後方', '大批', '何文田', '濃煙', '餅乾', '侍應生', '收拾東西', '度假營', '匙', '黃金', '往常', '檢視', '量度', '往來', '操作', '廟', '勞', '窮', '職', '醫護人員', '十的符號', '黃大仙', '祠', '宮', '上段', '下段', '出發', '九龍灣', '親', '絲帶', '解說', '叻', '招攬', '單日', '滋生', '蓋住', '小販', '成年人', '放進去', '翻譯', '尊敬', '侍產', '價格', '恒生', '戰', '登位', '荒謬', '糾纏', '難看', '諷刺', '卡通', '直指', '紀', '之前有', '幼兒', '短髮', '富強', '見過', '分州', '洩漏', '飛仔', '標準', '建制', '豪', '鬍鬚', '助', '拋擲', '重用', '抽取', '舒緩', '針', '說過', '逹到', '景物', '時鐘', '人參', '參', '警示燈', '斤', '接接', '致意', '默', '警機', '圖畫', '戰略轟炸機', '飛行', '籃球員', '戴上手套', '不得', '被問', '驚喜', '香港再', '興起', '診治', '推拉車', '槍殺', '桔', '訓誡', '孩子', '強拉', '被擋', '衣領', '拉出', '扶起', '趕出', '箍住', '丟面', '被資助', '幹事', '資物', '體', '宣讀', '鐡', '打拳', '善', '焗', '拍拖', '親吻', '弄到', '暗瘡', '洗面膏', '流汗', '黏糊', '評定', '鋼筋', '評斷', '筋', '監牢', '本人', '貪', '公安', '網吧', '開辦', '葵芳', '喉唾液', '高齡', '視線', '釋出', '縣市', '主持', '評判', '旗下', '被扣上', '粗口', '拉起', '盲', '壽司', '卷髮', '對我', '名牌', '渡假屋', '淺', '喜', '八逹通', '奧地利', '顔色', '條規', '任職', '擴音器', '聲', '被抬', '站上', '拋落地', '抬', '救護車燈', '餘下', '臺前', '繁多', '講臺名', '奪走', '黑布', '按地', '壓下', '膝頭', '壓住', '拋下', '輪流', '被控', '收回', '不起', '訴訟', '冠形', '寄出', '因為世界', '派對', '寃枉', '微', '落空', '難處', '大力', '無法', '相', '錯失', '教訓', '設備', '直行平行綫', '傳開', '挑撥', '精英', '某日', '合格', '接手', '弊', '岸', '命運', '短片', '征服', '隱密', '統一', '想念', '前年', '當選', '出席者', '微不足道', '內心', '規制', '剪綵', '財產', '實施', '立下', '讉責', '誹謗', '悲', '軍裝警察', '將近', '炮', '然後', '渠蓋', '檔', '拿出', '被拋擲物', '橙', '被捉', '背心', '警號', '慣用', '議', '屬性', '敵', '陷害', '忽視', '揑造', '磚頭', '被擊', '碎裂', '濺', '新加', '夠', '僕人', '發展變成', '亂指', '反駁', '固執', '展出', '首席', '沒關', '淘汰', '活下去', '看守', '圍堵', '行人', '被帶走', '被噴射', '包紮', '被帶上', '對面', '路軌', '撰文', '忠義', '聲響', '閉幕', '委會', '降罪', '不關事', '有趣', '發球', '治理', '帶去', '掃興', '改過', '幫不到', '被帶去', '可行', '還給', '立約', '逼迫', '對付', '國際金融中', '提拔', '接任', '有孕', '搬上', '胡椒劑', '入眼', '兌換', '保衛', '組合', '物流', '駿洋邨', '威爾斯醫院', '救援', '清晰', '接送', '倉庫', '層數', '葵聯邨', '財政司司長', '外匯', '聯繫匯率', '捍衛', '基地', '人大網', '書冊', '明尼蘇達州', '明尼阿波利斯', '高速公路', '急忙', '運油車', '撞向', '弗洛伊德', '跪壓', '油車', '目擊者', '曼哈頓', '據報', '非法集結', '蘇豪區', '市長', '商鋪', '打爛', '上空', '盤旋', '加洲', '塗鴉', '比華利山', '參加者', '過後', '申請人', '雲多', '法令', '文書', '商談', '私下', '催淚彈', '警隊', '欄柵', '跨越', '國民警衛軍', '暴亂法', '派遣', '倒', '液體流出', '瀝源邨', '三讀', '否決', '國歌條例', '他倆', '用布遮蓋', '核突', '蠕動', '忍不住', '朱凱迪', '這是', '肥料', '陳志全', '道德', '立場', '內政', '墓地', '你的', '討回公道', '丹佛市', '躺下', '抱著頭', '扮成', '侮辱', '瀝源村', '還未', '無權', '民權', '缺漏', '按一下', '包著扶手', '搬去', '幫自己', '攜帶', '今個', '沙中線', '收到撥款', '建制派', '收益', '跟著', '安全法律', '文字', '需要香港', '多人站立', '兩種制度', '撤回', '通關檢查', '我想', '說服', '強壯', '青春', '時間過去', '尊業', '些許', '科目', '熱情', '不論', '天上', '向下看', '警員', '基層', '一直不能', '通往', '卑鄙', '遊利', '保鑣', '保鑣跟隨', '鎮壓', '靜默', '舉', '長方', '指螢幕', '生再', '喊聲', '救命', '坡', '泥', '傾瀉', '多人排坐', '屏幕這裏', '傳單', '媒體', '明後', '存錢', '移居', '兩星萬', '確保', '振興', '書面', '吐樽內', '扭緊', '十字架', '鱗', '文字寫下', '螺旋', '打傘', '吐', '行車', '耐性', '行人路', '靴', '天亮', '學生說', '時光過去', '魚鱗', '墨西哥', '肺漲起', '進出口', '壞人', '年老', '威力', '不能阿', '升上', '六分', '資金周轉', '架構', '祕', '各自飛到', '樽裝', '多人到場', '匯豐', '外界', '做得到', '責罰', '報復', '兩者皆可', '評詁', '全部完成', '私家車行駛', '坐船到', '主義', '賄賂', '跪頸', '舉殯', '大批人', '入殮', '哥哥', '漠視', '致敬', '駛走', '移動棺材', '網相', '做得好', '香港電臺', '會所', '短視', '撐', '零售', '廠商', '平臺', '西灣河', '掉去', '雙膝壓在另', '的頸', '小事化大', '反省', '修補', '膚色', '貧窮', '很多人入場', '坐開', '罷工', '發起', '不偏離', '價值', '教育自己', '專一', '圖片', '南華', '戴著口罩', '版本', '條碼', '微粒', '從鼻子噴出來', '從口中噴出來', '吸入', '呼吸道', '損壞', '清洗', '中大', '相關', '過程中', '痰', '飛沫噴出', '砧板', '財經', '西北', '掠過', '呼吸困難', '大腿以上', '範圍內', '烈風旋轉', '路徑', '更高', '唔該', '用體溫計量額頭', '出示', '十分開心', '待在', '累', '很興奮', '年青', '過山車近', '彩色', '轉圈', '滑浪飛船', '熊貓', '罪行', '爭持', '湯', '行會', '以膝蓋壓頸', '鎖喉', '國會山', '無聲', '矇混', '無線', '清勁', '搭臺', '都是', '食品', '南面', '廢物', '爐', '長官', '維護', '合拼', '不合對', '列明', '指罵', '層面', '有無需要', '手令', '限時', '拘留', '在這裡', '品格', '捉來', '曾試過', '聚在', '之內', '慢慢上升', '升高更多', '追捕', '轉身', '推搪', '革職', '轉變', '火警', '衝去', '車來回', '暗裡', '衝著', '放下', '開放海關', '租用', '接載', '輛', '留著', '聘用', '好少', '僱傭', '一刀切', '給權力', '軍方', '統治', '防礙', '只怪自己', '怪自己', '比高', '替代', '很好表現', '不同區', '有雷', '吹風', '邊', '狂', '海面', '有浪', '確証', '發生衝突', '尊貴', '無錯', '古惑', '拉入', '矛頭', '送給', '字眼', '違犯', '黨派', '漏了', '好多', '送出', '長大', '很難', '留低', '原因是甚麼', '不習慣', '路程', '很長', '貴了', '負擔重', '再見', '縮短', '報表', '筲箕', '鞋', '課室', '會立即', '小一', '小三', '藝術', '出入口', '閘口', '忍住', '傳送出去', '傳送', '下調', '快點', '昂貴', '顯微鏡檢查', '兩款', '限額', '拒絶', '槍擊', '甜點', '中毒', '槍斃', '畫面', '曝光', '車子', '駛入', '駛另', '呼氣', '飲少少', '縱火', '火勢猛烈', '燒', '直至早上', '白人', '頂球', '初時', '勾引', '份', '老年人', '輪侯', '遺傳', '看不清', '效入', '權益', '吐入樽內', '交替', '高興', '評核', '湧至', '可以OK', '小孩', '聽聞', '比上次', '果', '貨送到', '車輛', '園區', '爆開', '各行各業', '仍舊', '火上升煙霧上升', '莫克', '時候侵犯', '知錯', '救到', '擋波', '角球', '踢波', '夏威夷', '照舊', '照做', '被幹預', '叫罵', '長排隊', '圈出', '去信全部', '簡易', '某圈狀物件', '這區', '搬到', '平穩', '兩地', '蓋布', '棺材', '焚燒', '河流', '槌', '同樣', '調派', '刊登', '改為', '圖表', '推動', '任部', '大批人湧到', '大批湧入', '髮型', '低劣', '十數個', '影相', '對比', '外交', '了得', '詳文', '調來', '附件', '調去', '居家', '邊境', '邊界', '暴力襲擊', '委託', '人往來往返', '入夜', '口角', '惡意', '救護', '梁愛詩', '國安公署', '執法', '塔爾薩市', '字詞', '日偏食', '龍蝦', '花了', '信用咭', '數碼', '郵局', '點心', '顧客', '譚耀宗', '新增', '新民黨', '葉劉淑儀', '大法官', '到來', '摸清', '養和', '阿肯色州', '養和醫院', '比例', '商務及經濟發展局', '邱騰華', '樂園', '解凍', '牛肉', '低溫', '超級市場', '凍肉', '泰森食品', '進口', '聽說', '聯合國教科文組織', '明治', '新潔', '落馬州', '口岸', '我呢', '出生地', '合憲', '真是', '少見', '無稽', '腎', '抵抗力', '直至現在', '機制', '再加', '推進器', '任務', '北斗衛星', '環繞', '北斗系統', '部署', '人大法工委', '管轄', '免卻', '人大常委會法工委', '張勇', '香港國安法', '居留權', '發誓', '國家安全委員會', '各級', '涂謹申', '保安局局長', '香港安全法', '保安局', '人大', '健康碼', '食環署', '出境', '華航', '長榮', '國泰', '桃園', '紅場', '質詢', '求情', '認罪', '總理', '李顯龍', '李顯揚', '勝利日', '紅軍', '兵', '部隊', '解放軍', '塞爾維亞', '共和國', '武器', '盔甲', '擊倒', '辛達卡拉', '傳球', '決心', '拉法施華', '沙紐斯', '卡路士雲尼斯奧斯', '前鋒', '聯賽', '射門', '魯賓戴亞斯', '手球', '吹罰', '局部地區', '全部看到', '出版', '丟掉', '串數字', '點睛', '運球', '好看', '球撞到手', '做上', '市', '強勁', '坐飛機到北京', '聰', '共有', '賺取', '枱下交易', '疾病', '坐飛機到達', '啟德', '工字鐵', '繫上安全帶', '吊起鐵枝', '博覽館', '住院', '戰鬥', '左邊', '級別', '商議', '框架', '概念', '散佈', '多人坐', '軍事', '原則', '企業', '營養', '趕走他', '扭開', '理論', '輔導', '捕捉', '鏈', '人們排開', '撒開', '潑出去', '推倒', '鷹', '巴黎', '保守', '浪潮', '獎盃', '在期間', '追溯', '唐英年', '商', '撤除', '貨品送過去', '情', '結黨', '產品', '區分', '出貨', '運往', '獨', '人限', '具體', '重現', '快些', '下雨下雨', '紫荊花', '佔領', '不當', '排開保護', '舉旗', '數次', '圓形物體射出', '長方形狀', '水車', '釘子', '祭拜', '整爛', '團體移向後方', '槍發射', '發射子彈', '水槍射倒人', '蛋糕', '破損', '多輛車輛行駛到達', '人圍起來', '聚集移動', '各種東西', '抓住某人', '壓倒另', '人從左邊及右邊同時圍上', '中間站著的人', '從左邊', '從右邊', '用傘插', '利器', '用利器劃傷', '抓捕', '摔倒', '站起', '包紮手臂', '懲罰眾人', '提醒眾人', '開車', '駕駛電單車', '電單車撞到', '拉近', '依次', '最喜歡', '撕', '指責我', '八卦', '盛行', '發對', '記恨', '當做', '長度', '前後分開', '撲向另', '撲倒另', '醒', '散開', '股市', '不同機構', '逃難', '一字排開坐下', '兩種規則', '偏離', '緩風', '人捉去另一地方', '終身', '理據', '真心', '觸犯', '安全處', '等很長時間', '軍用', '人帶去另一地方', '潛在', '乘飛機去', '人帶去另', '領士', '放上去', '外借', '覆檢', '論說', '書本正常', '墮入圈套', '核動力', '詐騙', '據為己有', '合員', '新奇', '狡猾', '機警', '花言巧語', '說話迷惑', '人去另', '愛情', '唾液禁本', '承受不到', '外銷', '新冠痛病毒', '東西沖下來', '屋子', '吉', '人站上屋頂', '直升機到場', '涉水走路', '羽毛球', '地區地區', '潛藏', '吐深喉唾液', '針裂', '是不是犯法', '青山道', '隱閉', '成功或失敗', '外賣回去', '虛假', '亞洲博覽館', '爆滿', '吐唾液', '刻', '他要', '沒有說', '人大委員會', '現準', '交付責任', '有權', '公約', '拿出來揮動', '蒲', '車撞向車', '車輛剎車', '人在臺上', '人從馬上下來', '前面車輛駛走', '車輛向前行駛', '車輛從後駛來撞到前面的車', '警車', '在旁邊停下', '拿槍', '紅綠燈', '車輛高速駛過', '車輛數次切換線道', '白線', '搜查跑車', '轉帳', '交國', '傘兵', '人降落', '傘兵降落', '旗幟降落', '立體長方形', '放煙花', '在臺上', '東海', '關東', '部分地區', '坪', '派錢', '沒有了', '截停', '儲錢', '飲酒', '住屋', '慈善', '受津貼', '代理', '泥傾瀉', '搜索', '氾濫沖走', '沖走', '鹿', '骨折', '志', '一起簽署', '籌得', '參選', '籌錢', '票不能', '深處', '命名她', '俠', '單膝下跪', '鼓譟', '備用', '拿取', '指屏幕報道', '自責', '官員', '運行', '命為', '培養', '侵害', '狹窄', '那裏來', '轉入', '複制', '人流多', '致辭', '阻截', '信息', '冤枉', '進駐', '宣晢', '講解', '言論', '剝奪', '調整', '拿回', '議程', '遺憾', '行賄', '有罪', '聲譽', '莫', '共同簽署', '聲明', '注意', '隻重', '間諜', '如何發生', '很久以前', '很多投訴', '不安', '各地區', '氣溫升高', '起移動', '錢給我', '擺酒', '沒興趣', '年長', '允許我', '不同部門', '聯絡多處', '資格', '墨爾本', '商人', '各處分開', '抽血', '網頁', '想出', '人羣', '股市圖', '賀', '交談', '取下口罩', '剩餘', '很多桌', '爸', '媽', '期盼', '不同團體', '陸續到達', '多人面對面坐下', '調酒師', '違例', '給予我', '保護人', '認證', '附屬', '錢獲得', '方案', '律司', '偏向', '指示屏幕', '許', '晚餐', '溫康', '丸', '塌', '禁示', '食藥', '下巴', '到處張望', '近距離', '抖氣', '橫蠻', '住戶', '搬遷', '十多', '建樓', '比實', '球員', '旁述', '絲', '數個', '長條物品', '羞恥', '奇', '角落', '球踢出', '載口罩', '消潔', '保釋', '大嶼', '播', '一直到現在', '反轉', '椅', '都', '功能', '再想', '奸', '毀壞', '服務臺', '完美', '拿試驗管', '電子', '因應情況', '環境黑', '煙向上升', '由下至上', '從頭到尾受影響', '診症', '連累到', '實在', '形形式式', '兼職', '樓層', '眾人', '憂慮', '很多食肆排成一行', '拿著手抽和食物盒', '坐著', '全部人', '樽裏面', '樽由', '地方拿到另', '氣從上吹到下', '儲放', '沒特別的', '開學', '地方送去另', '油油', '車從地底向前行', '抑制', '全部做妥', '對不對', '沒辧法', '中午十', '長條紙', '匯豐銀行', '人到逹', '趕急', '阻滯', '之', '地方去到另', '武力', '中國為', '整體存在', '酷熱', '不強不弱', '人躺在牀上', '發電郵', '形狀', '進入家裏', '傳染自己', '離開家', '由英國帶到香港', '郵寄給我', '巴士站', '剪髮', '那個人的身體', '全身保護', '除衣服', '掉走', '頭套', '黃埔', '拖地', '要樣', '室內', '忍服', '互相幫助', '敵對', '發放電郵', '戶間', '社會`', '麻麻', '笑容', '舒緩自己', '宴會', '感觸', '聖', '羅馬', '華牀', '哥倫布', '沒有問題', '由外面帶入鯉魚門', '這護照', '由外面帶入進去', '度假', '有人在外面站着', '站成', '口罩露出鼻子', '迴旋處', '定立', '正經', '休斯頓', '兩者一起', '面對', '利', '捧盃', '面上有光', '試行', '看症', '成都', '細小', '薄扶林', '吸空氣', '隔著一條路', '分院都有去', '不戴口罩', '留在這兒', '搬離', '扭蓋的小樽', '液體', '舉報', '轉載', '蔡', '多月', '風扇', '手都拿著東西不知選那樣好', '摸另', '戴手套', '鏡頭', '暗地裡', '三藩市', '欺詐', '船到達目的地', '換班', '建築物所在地', '潛入', '盜竊', '萌生', '海洋', '除口罩', '滴汗', '傳遞', '煮食', '存活', '貨運抵達', '破例容許', '處所位置', '旅遊巴駛走', '來回進出', '建設物所在地', '等於', '靈活', '相若', '主觀', '逛', '由高處墮下', '數個月', '納入法例', '遙遠', '尋找機會', '擋門', '溫和', '寛', '戒', '囚犯', '走廊', '抹汗', '保護衣', '遮蓋', '無中生有', '被指控', '橫線', '羣組入面', '新西蘭', '飛機來港', '驚訝', '遵從', '界入', '沒有關係', '大家好', '傳沬爆發', '全個範圍', '拉鋸戰', '香港大學', '微生物', '人被太陽曬著', '有著數', '蹲', '行人走路', '可以忍受', '勉強接受', '邀請人', '發', '擔遮', '一邊擔遮一邊喫飯', '跑過去', '這個人', '放在名單上', '競逐', '港島', '稱呼按到', '公民社會', '自決', '衰', '兩邊都有', '兩者皆有', '全國人大常委會', '投票權', '很緊的限制', '激進', '整個光譜', '傳銷', '瑪麗醫院', '衛星導航系統', '通', '教然', '愛惜', '被太陽曬著的人', '倚靠', '國㗎', '發覺', '乘坐飛機抵達', '檯', '調配', '烏', '防禦', '距離遠', '離世', '熱炎', '抱歉', '彎', '組識', '優次', '張口', '家內有', '樣本瓶回家', '調轉樣本瓶', '調轉', '不符合', '疑慮', '聽説', '沿軌道運行', '疏散', '孫子', '收到短訊', '驗測', '之後來', '看得到', '貢獻', '八毫', '墨', '舉牌', '降級', '擠逼', '房並排', '兩檔位置在前後', '人傳染', '給你', '算了', '過來', '郵信', '入侵體內', '吐口水到瓶內並封蓋', '採集唾液', '教我', '抖', '撥去', '打劫', '熟識', '放上', '給予責任', '揮拍', '相距甚多', '雙生', '妹', '布甸', '芝', '金字塔', '蘑菇雲', '震動', '碎', '割', '放進瓶子', '軟件', '抖音', '友好', '新加玻', '小事變大', '很多牀排成', '很多張牀緊貼着', '互相傳播', '累積很多申請', '入境處', '很長時間', '下架', '巨響', '黎巴嫩', '捷克', '阿聯酋', '封包', '移除', '交交流', '滑', '碟', '這盒子內', '檢明', '吐口水到瓶子', '橫額', '會面', '飛機在船上', '鳥嘴', '微軟', '航行', '船觸礁', '嚇我', '寺廟', '放下厚厚', '活着', '環狀', '獻上花圈', '按按扭', '核', '石頭', '船撞向石頭', '鳥', '搜羅', '雙手', '被拷上手銬', '男方', '發掘', '哪些', '蒐集', '寬敞', '錄影', '厚牆', '擲向牆壁', '分辨', '化表', '稱讚', '把握', '有很多公司', '手拿', '揶揄', '大嗌', '粒', '從來沒有', '指指點點', '憤怒', '稱呼自己', '怪罪我們', '放在這一邊', '連繫', '擱置', '移交逃犯', '貨櫃', '氣脹', '在另', '飛往', '風向', '雙層', '上層和下層都有人躺', '車兩邊走', '多住所', '車輛到', '沉睡', '怎辧辦', '一拿', '正方形', '抄', '運貨到', '微信', '挖坑', '掉進抗裡', '不和', '早上部分', '手推車', '上下抹乾淨', '整盒放', '肥皂', '全部表面抹', '互相感染', '瓜', '蝦', '包裝', '捽眼', '捽', '頂級', '傳訊息', '豆', '學院', '超越前人', '投籃', '情怳', '衞', '寛度', '扭瓶蓋', '用棒子在鼻子攪拌', '全身套', '棉花', '氣喘', '蝴蝶', '鼓勵全部', '洗衣', '全身濕', '邁', '討讑', '提取', '有勸力的人', '剌激', '奇異鳥', '船上載有飛機', '特普朗', '狀', '反口覆舌', '民衆', '輪班', '感染自己', '嘔', '從口腔裏拿出檢測棒', '把檢測棒伸到口腔', '保險', '門部', '標籤', '領展', '旺', '雙者', '硬', '最低溫度', '派樣本瓶', '這層', '土', '誤', '丟向人', '人起火', '並排走']
2,932,['珍惜', '購買', '雙贏', '問答', '驅離', '責罵', '推廣', '上水', '農田', '爆', '金屬', '包蓋', '袋', '十全十美', '因爲', '零件', '組裝', '監', '創作', '動作', '逐漸', '赤字', '劏房', '年齢', '插入', '拿着槍', '探視', '提訊', '打人', '刀', '手槍', '排成', '雪', '入面', '街道', '遮', '不高興', '手套', '最少', '普通地', '堅固', '口探', '入侵', '型', '天津', '訊問', '這位', '股', '下去', '告密', '捉到', '對開', '沉船', '射', '兩者都', '貪污', '完畢', '想起', '匯', '記憶', '變得', '鼠', '應變', '全身裝備', '廣西', '樹林', '掛上', '嬴', '夢想', '味', '珠海', '風車', '求籤', '引擎', '撤走', '水桶', '整地', '加油', '傳染病', '得到', '呈上', '厠所', '年初三', '拜仁', '打招呼', '打籃球', '限期', '合適', '忙碌', '汽車', '直昇機', '墜機', '良心', '如常', '大量', '人龍', '多數', '減輕', '鼠年', '不想', '獨自', '貪心', '插隊', '化妝', 'R', '夫婦', '行程', '賣買', '脫歐', '觀', '互諒互讓', '給他', '大嶼山', '穏定', '算', '宣告', '或許', '館', '湧來', '牛', '來往', '兄弟', '怎', '治病', '數天', '缺乏', '染', '尖', '校長', '剛剛好', '通告', '九龍塘', '富貴', '上船', '沖厠', '污穢', '梳', '拜年', '銅', '皮膚', '拍掌', '撕毀', '基', '戴上手帶', '湧上來', '行樓梯', '噴出', '便利店', '打高爾夫', '桿', '嚇', '坐監', '改期', '無可能', '計數', '轉機', '讚賞', '蒸氣', '露營', '火鍋', '本港', '桶', '懂得', '富豪', '獎', '見不到', '崇拜', '恩', '浪', '到現在', '馬鞍山', '大圍', '胃', '站立的人', '祝', '細胞', '退休', '厠紙卷', '倦', '非洲', '農鄉', '紙張', '晴朗', '人下船', '羽', '補習', '鬆一口氣', '開咪', '佛堂', '黑社會', '慘', '撥出', '水果', '充電器', '插座', '洞', '曬太陽', '揮手', '微雨', '優惠給', '宗教', '試驗', '務', '短暫', '孫', '不妥', '截止', '後備', '同行', '擴闊', '中醫', '成', '出氣', '聞到', '讀', '題', '巖手', '筲箕灣', '總部', '夠不夠', '請求', '洗澡', '抺', '降低', '不需要', '列車', '軌枕', '薄', '小瓶', '古', '讚', '老公', '無綫電視', '透過', '肚瀉', '提名', '暴動', '臺北', '眼罩', '鬆懈', '圖書', '昨日', '好笑', '調到', '推翻', '讚揚', '自製', '其中', '姓', '馬路', '查看', '慢慢', '安置', '已經', '點票', '相隔', '巿民', '控', '向著', '金融', '向上', '進展', '單一', '潛伏', '資金', '賠償', '悲傷', '太太', '詞', '創辦', '引發', '陪同', '教練', '富', '座', '體內', '心臟', '講大話', '全國', '慈', '堅', '放出', '呼叫', '英雄', '擺甫士', '午夜', '渠', '兒童', '娛樂', '趕', '香', '味道', '綜援', '分發', '水喉', '希臘', '自私', '反彈', '由於', '偷偷', '封城', 'U', '亞州', '齊全', '鞭策', '這邊', '不管', '冇', '失去生機', '譬如', '除下口罩', '抵抗', '地址', '禮拜', '延至', '英格蘭', '辦法', '紙的樣子', '猜測', '沙灘', '囤積', '高級', '少少', '隨意', '遊走', '顯微鏡觀察', '視情況', '待', '朱', '加長', '放置', '碰杯', '互相傳染', '民主黨', '優惠', '明年', '衞生署', '病徵', '實際', '小西灣', '衝擊', '陌生', '枱分開', '碗', '彩', '圓形枱', '可不可以', '飛機飛抵', '擁抱', '面對面坐', '不在', '業界', '傳媒', '之類', '開幕', '後期', '輕微', '驚嚇', '盡快', '人仕', '疲累', '遮掩', '呢', '藥物', '小組', '早前', '肥', '徵狀', '除外', '者', '羣眾', '可見到', '麻將', '頸巾', '下次', '替換', '就是這樣', '美甲', '遷冊', '拒捕', '妨礙', '埔', '發放薪金', '祈禱', '給大家', '升高', '殯葬', '走來走去', '關島', '地面', '企', '記住', '天安門', '場所', '多年', '引號', '全面', '警署', '大使', '一起坐', '長沙灣', '送往', '英女王', '貼上', '戶外', '居屋', '導彈', '涼風', '呼吸罩', '高等法院', '聆訊', '陳詞', '危急', '冷清', '視乎情況', '驟雨', '對我說', '行政', '規管', '雙', '美容院', '多人來', '沒可能', '公正', '私隱', '激動', '拉行李', '很', '開支', '人轉移', '下令', '挖掘', '上限', '沒有辦法', '形', '踏單車', '脫下', '幸福', '防備', '下滑', '送醫', '時候', '導遊', '講話', '解', '推卸', '開闊', '水塘', '籌', '瘋', '指屏幕', '郭榮鏗', '阻撓', '成交', '清走', '探望', '鬼', '踢足球', '幸好', '猜不到', '罵', '投遞', '無力', '點火', '我的', '識做', '黎智英', '財委會', '不足夠', '年青人', '簽証', '莫斯科', '保証', '真確', '精彩', '屬下', '工資', '直播', '召喚', '填補', '譚惠珠', '房咭', '沒理由', '當地', '國務院', '轄下', '國歌法', '以往', '積極', '氣味', '燃燒', '打開', '物質', '危機', '重視', '容忍', '控訴', '發表', '各類', '皮', '視野', '揀選', '委任', '科技', '深喉唾液', '地點', '背後', '依賴', '很多人', '社署', '後來', '繞', '評審', '競選', '肺部', '喝', '不許', '量體溫', '升溫', '救我', '非常', '共同', '不斷減少', '溫', '騎馬', '獎金', '一馬緊追另一馬', '質量', '批準', '不斷累積', '一大羣', '仇恨', '矇', '珊', '裏面', '師傅', '情形', '理由', '技巧', '旅客入境', '拜神', '出走', '皇帝', '案件', '步行', '無視', '聚', '母親', '踴躍', '揮動', '財務', '州份', '不見', '過度', '間尺', '分段', '聯結', '兩手', '合資', '昍', '殘忍', '永', '頭髮', '幹', '自然', '發明', '耕', '碑', '守護', '喘息', '十元', '専業', '示', '拉去', '被批評', '破產', '學習', '結構', '地上', '嫲嫲', '戲院', '洗臉', '催促', '犯', '舒', '梨', '同步', '傷殘', '鏟', '彡', '指點', '時代', '綁上', '手銬', '叫到', '以後', '秋', '還', '翼', '鍾', '拉走', '被趕', '胸', '被控告', '荷', '廢除', '隱隱', '報到', '單據', '示現', '召開', '電梯', '勇敢', '堅強', '謊言', '侵襲', '原因', '表逹', '設立', '告發', '刪除', '踐踏', '冬', '佔地', '恐佈', '堵路', '電車', '圍欄', '拆', '推出', '交界', '分化', '抺黑', '暴', '彼此', '丟', '朗豪坊', '前推', '出來', '人才', '法制', '贊成', '舉手', '麥克風', '大膽', '阿', '恨', '陳茂波', '指引', '袁國勇', '對待', '港幣', '安全法', '騷亂', '選舉事務處', '選民', '燭光', '白宮', '祕書處', '地下', '條狀', '生物', '外交部', '這些人', '單膝跪地', '標題', '家裡', '年度', '書寫', '各區', '合法', '給果', '滲漏', '跪壓他身上', '種族', '跪', '倒水', '折扣', '餘', '珍珠', '負面', '降班', '招來', '放監', '博物', '飛抵香港', '登上', '逃避', '放下棺材', '右邊', '踏前', '風險', '討厭', '列出', '水流', '貼近', '溫度高', '管道', '裂痕', '農業', '突擊', '三文魚', '從何而來', '湧浪', '圓柱體', '政權', '紛爭', '壓頸', '拯救', '搜尋', '時限', '超人', '似乎', '強制', '去到', '監控', '切斷', '放學', '外藉', '危害', '取代', '眾', '招集', '延誤', '過關', '告知', '校巴', '每星期', '更換', '書包', '畫畫', '曠課', '遲到', '年歲', '女子', '拍片', '發生事故', '過失', '殺人', '輪著', '南方', '交予', '另一', '裡', '兩方', '審議', '走去', '交由', '密封', '預計', '棍', '兩邊', '囚禁', '葡萄牙', '功夫', '填上', '集團', '幼稚', '北斗', '副主任', '司法獨立', '完了', '條文', '陳肇始', '深夜', '停留', '閱兵', '陳帆', '嘉賓', '坦克', '波圖', '賓菲加', '看穿', '頭鎚', '和緩', '列入', '投訢', '管理自己', '公眾', '不批准', '竹', '吹哨', '右', '叫囂', '施壓', '無理', '井', '點燃', '拉扯', '波子', '辦', '哪', '恐嚇', '交叉', '站點在這裡', '擾亂', '暗中', '用槍射', '扔出', '磚', '團體移向前方', '面向', '設置路障', '行走', '隻', '左肩', '流血', '謝', '靠近', '互相敵對', '藉助', '叫喊', '堅定', '逃犯', '感情', '存款', '不健康', '九州', '翌日', '藏起', '拔槍', '戒備', '票站', '高爾夫球', '顧問', '唐', '輪椅', '太陽照耀', '達標', '存放', '引致', '脫口罩', '樓梯', '何月何日', '收起', '幹預我', '接走', '怪罪於', '使得', '爭論', '尺', '多人坐下', '影響我', '大排檔', '門票', '打麻將', '新鮮', '交通工具', '沒注意', '答覆', '隊長', '穿著', '共產黨', '雙方滅亡', '雙方敵對', '強逼', '吐口水', '怎樣來', '多方防止', '嚴謹', '連累', '拖累', '捉著', '人由', '存入', '整理', '區堿', '太陽照射', '湧出', '慈雲山', '導演', '車站', '沒有空間', '邪惡', '間隔', '專心', '由外面帶進去', '隠定', '拉下口罩', '疑神疑鬼', '破門', '立刻', '扭蓋小樽', '全滅', '謠言', '不方便', '打疫苗', '探測額頭', '雷電', '驅趕', '飛機運送抵達', '船運送抵達', '厚麪皮', '維也納', '短訊', '客氣', '規例', '不肯', '悶熱', '演講者', '年紀大', '分派飲料', '這個人全身', '使用工具', '整個範圍', '人上', '星體', '峴港', '預測', '弄亂', '圍繞星體', '撲滅', '感染我', '宿', '貝', '罰我', '有蓋瓶子', '船在航行', '漏出', '有權的人', '鐘響', '泊成', '撩', '罵人', '飛來', '粗魯', '丹麥', '象', '用棒子在口中攪拌', '自已', '掃描二維碼', '坐下']
3,460,['滿足', '承擔', '彥', '老人家', '實驗', '黃色', '張貼', '溜冰', '忙', '段', '犯規', '帆', '鼓掌', '赤柱', '攤位', '士', '射槍', '前方', '文件夾', '鐘', '教授', '落', '記得', '寧', '羅', '整體', '小事', '思', '汗', '總', '雷達', '可惜', '相片', '相似', '艇', '李', '冒號', '超越', '降落', '一直以來', '盃', '封', '年初一', '許願', '身體健康', '挖', '躺', '追蹤', '抗爭', '粉嶺', '無所謂', '說謊', '觀眾', '出名', '如', '本', '條件', '以色列', '主權', '新蒲崗', '毛巾', '倫敦', '聚會', '突破', '打破', '奬', '胡', '上班', '喉', '底', '誇', '吹哨子', '差距', '球', '戴上', '飛濺', '可否', '呈交', '短缺', '上去', '收拾', '夢', '下船', '排長龍', '興', '俾面', '個別', '我倆', '費', 'F', '捉拿', '駕車', '馬上', '躲藏', '青衣', '關心', '認同', '以下', '牙', '敗', '駛往', '情人', '用完', '昌', '輪到', '牙膠', '癌', '咬', '回落', '櫃臺', '犯錯', '城巿', '丈夫', '好味', '照', '蘇聯', '湧入', '喝茶', '筆', '中文', '出錢', '同等', '儲蓄', '難過', '下年', '北海', '來電', '醫治', '滑板車', '拖', '訪', '流通', '東北', '直抵', '次序', '拜拜', '陪伴', '廣告', '一致', '疲倦', '彭', '整齊', '卡', '手機', '閒置', '無用', '出席', '那些', '騎', '粒狀', '相差', '弟弟', '違背', '製', '大叫', '麗', '逼', '換屆', '北韓', '公里', '運作', '地震', '綜合', '虧蝕', '氣管', '樓上', '暗示', '直', '查驗', '關鍵', '單對單', '紅色', '齊', '發放', '警告', '得', '艾', '咳', '遵守', '諮詢', '食肆', '醫護', '緩和', '幫助我', '顯明鏡觀察', '久', '外傭', '除下', '程', '聰明', '完滿', '行政會議', '明早', '抽出', '網絡', '發佈', '食飯', '規矩', '拜祭', '土生土長', '招募', '家居', '火熱', '理解', '談天', '多人', '立即', '坐位', '透明', '最快', '家中', '統計', '行路', '敲詐', '高層', '跳舞', '按摩', '擅長', '經理', '指摘', '遞交', '隔籬', '鑼', '犠牲', '亞博館', '柴灣', '著名', '旁邊', '那兒', '大使館', '雙位數', '草地', '嗎', '艱苦', '法院', '判決', '方向', '最終', '日子', '選民登記冊', '窗', '桌球', '忍受', '儲', '蒙面', '截斷', '排很長隊', '捉去', '防護', '受惠', '指出', '著急', '周', '給錢', '過於', '歸還', '逃跑', '大地方', '日照', '連接', '內裡', '耐心', '確認', '最新', '熱心', '書本', '被', '上載', '民主派', '帳篷', '小巴', '本身', '操控', '其他人', '主播', '播出', '偏頗', '抹黑', '政策', '期限', '某某', '腦', '質數', '入獄', '路線', '添油加醋', '嘔吐', '荷蘭', '丟臉', '各種限制', '九龍城', '草字頭', '爭鬥', '處', '持續減少', '不及格', '節慶', '飄色巡遊', '爬', '擺街', '瘋狂', '東湧', '準許', '發聲', '們', '塗', '發言人', '暑假', '隔開', '跌倒', '車縫', '彭斯', '船運', '意外', '冰', '快樂', '廣泛', '出外', '巡邏', '剪下', '條', '賣出', '將軍', '宣揚', '兆', '過分', '審視', '被邀請', '聯署', '西南', '逐一', '撥弄是非', '挑釁', '燈', '欄', '物件', '希', '帶走', '利益', '散去', '開傘', '各', '分店', '欺壓', '開設', '耕田', '人民銀行', '特殊', '人民幣', '示威者', '排開', '商舖', '支聯會', '祿泉樓', '國家安全法', '歌曲', '潑曬', '很臭', '臭', '藉口', '印刷', '抹', '費用', '派別', '性命', '音', '普', '阻塞', '疫苗', '環球', '狂暴', '尷尬', '切', '剔除', '聽從', '他們仨', '喪禮', '獲獎', '旋轉', '南海', '受不了', '發貨', '市場', '從口噴出', '鸚鵡', '毫米', '人數', '平手', '爭拗', '對決', '斷開', '身分', '收錢', '戶口', '父親節', '環保署', '航空', '凍', '司法', '轉換', '週年', '領先', '擊中頭部', '消防員', '左', '反叛', '到場', '長方形', '搶走', '撐傘', '扔', '怪罪', '抓回', '十字', '飛機回來', '瓶子', '車撞車', '制裁', '蝙蝠', '樣本樽', '升降機', '挑選', '顧慮', '圍圈坐下', '輸血', '擠', '偉', '停車', '遊逛', '碗破裂', '箱', '天空', '承受不住', '侍應', '吸煙', '連', '椒', '摸', '帶口罩', '完好', '暢順', '博', '稱作', '星體運行', '博覽', '放着', '棒', '幼年', '飛機降落', '飛機跑偏', '氣流', '廣華', '就這樣', '飛機飛到', '它的', '流動', '排序', '不認識', '櫃員機', '首都附近範圍']
4,308,['劉', '傾談', '後面', '笑', '平等', '互動', '信任', '奇怪', '靜', '狗', '糖', '圍', '通車', '工程', '少許', '請假', '電郵', '飛到', '草', '解散', '哭', '湧到', '儲備', '京', '捉走', '周轉', '川', '來貨', '源頭', '屋企', '熟悉', '帳戶', '彈劾', '逐步', '掛念', '瑞士', '父母', '吳', '單', '個月', '自動', '加州', '老鼠', '百分之', '修理', '諗', '冬天', '通風', '香港仔', '進', '街市', '存留', '麵', '罐頭', '根據', '懷孕', '居民', '綠色', '脫', '富有', '缺席', '手術', '退化', '糞便', '望', '夜', '反口', '佐敦', '監獄', '致電', '勞動', '傭工', '遊', '起立', '撕掉', '演說', '駡', '下臺', '偵查', '飲食', '員', '紙巾', '麻煩', '冷氣', '戴上口罩', '不合', '人員', '洗手間', '合計', '軟', '排除', '斷', '上面', '分之', '巴士來', '賠', '博士', '總和', '特', '滙豐', '行李', '晴', '專車', '背景', '公平', '旅行社', '久等', '抽', '首相', '體育', '省', '煙', '昨', '矛盾', '署', '不信', '燒烤', '格', '西貢', '不應該', '獲得', '收取', '支付', '完全', '及', '旅客', '答應', '辭職', '噴霧', '私家', '池', '按鍵', '圖書館', '不聽從', '中止', '層', '捐出', '秒', '長期', '歌手', '各地', '寬鬆', '拍手', '相反', '正面', '手帶', '檢控', '很好', '微風', '那個', '發布', '樣本', '飛抵', '對話', '改善', '來到', '勞工處', '玩樂', '男人', '擔憂', '的', '旁', '延長', '雞', '外地', '陸續', '表示', '入來', '茶', '介意', '滯留', '商店', '渣打', '他們的', '不聽話', '射擊', '密碼', '仔細', '表情', 'J', '旗降下', '紫', '記念', '願不願意', '停泊', '直到現在', '珠江', '哪兒', '妹妹', '揚聲器', '起牀', '找不到', '不可能', '粗暴', '乘坐', '方形', '想不到', '橫', '走路', '提升', '犧牲', '快速', '損害', '以及', '文憑', '胡亂', '轉移', '創造', '智慧', '製造', '美元', '天晴', '眼', '以外', '公共', '各個', '限度', '男子', '上訴', '齋', '兩種不同規則', '石頭墜落', '指數', '太多', '出街', '隨機應變', '包圍', '耀', '畫', '上臺', '撕破', '梅', '熱門', '否', '失蹤', '深水埗', '失誤', '軍機', '玻璃', '根', '譏諷', '識', '禮', '脫下口罩', '帆船', '鑿了', '喧嚷', '落後', '被趕走', '推撞', '原本', '即將', '房屋', '侵犯', '級', '傘', '丟棄', '炮彈', '健', '爭奪', '雙重', '表面', '真正', '碼', '罷免', '青少年', '被補', '一齊', '螺旋轉', '黨', '批發', '強烈', '移動', '污染', '當中', '對著', '價錢', '雪糕', '玉', '送貨', '破爛', '甚麼呢', '委派', '李家超', '分配', '財政', '船前行', '沒有用', '提交', '營', '什麼', '打雷', '把', '哈薩克', '水位上升', '掩飾', '拉帷幕', '看出', '封口', '院舍', '很多次', '狀元', '分院', '微小', '嗌', '猛烈', '博物館', '批覈']
5,224,['重新', '衝突', '有問題', '告訴我', '維修', '讓', '屯', '子彈', '進行', '爛', '思想', '電單車', '塞車', '鎖', '道路', '玩具', '暴雨', '疊', '救護車', '推', '投擲', '蟲', '噴灑', '無綫', '在', '為', '每', '乾淨', '圖', '治療', '沒問題', '弊病', '句子', '證', '密', '蓋印', '鄉', '引起', '依靠', '你們', '金鐘', '細', '經歷', '各位', '情緒', '搬走', '超市', '止', '輸', '賭', '模仿', '練習', '天天', '上海', '勝過', '爭吵', '給我們', '老婆', '脫離', '看看', '沒用', '忘記', '痛', '工廠', '調換', '無關', '很少', '報紙', '他的', '骯髒', '考', '排人龍', '好險', '延', '虧損', '盡量', '有些人', '打擊', '個人防護衣', '開門', '焦點', '仍', '各樣', '扮', '打球', '變化', '角色', '故事', '評', '隔', '協助', '審', '婆婆', '侵入', '送去', '送到', '民主', '生日', '黏液', '探', '音樂', '保存', '詢問', '地盤', '報警', '視乎', '擠迫', '配', '找尋', '觀光', '樂', '流淚', '消除', '軌道', '輸入', '委', '付出', '化學', '夏天', '噴射', '不懂', '取得', '多謝', '除了', '做不到', '自行', '科', '籌款', '長者', '鼓吹', '美麗', '凋謝', '標語', '空手道', '亂', '聊天', '營運', '薪金', '規定', '遊覽', '生病', '找到', '看情況', '測試', '分享', '預防', '正確', '祝賀', '回去', '飯', '喫東西', '到達', '提示', '哥', '團隊', '吐痰', '折', '感冒', '飛機抵達', '法庭', '休', '梁振英', '大樓', '大概', '強迫', '聚焦', '炎症', '抓住', '改革', '使用', '最低', '覆蓋', '等候', '信件', '是非', '內面', '撞', '阿拉伯', '寫作', '鵝', '打仗', '廣州', '剪', '艹', '裁減', '藏', '蘇', 'Q', '開通', '監視', '欺負', '帽', '草案', '言語', '主題', '爆炸品', '藍色', '指示', '傷害', '那邊', '高雄', '錢收到', '介', '競爭', '膝蓋', '聯盟', '熊', '佔據', '年級', '吵架', '寬免', '人大常委會', '步驟', '水車噴水', '分裂', '無線電視', '彩虹', '一同', '批淮', '進食', '設障', '熟', '方', '跳']
6,174,['天橋', '衛星', '港鐵', '裝修', '寄', '貨運', '偷偷地', '病人', '時段', '隧道', '青', '威', '性', '花園', '顯微鏡', '洲', '力量', '項', '江', '董', '高鐵', '年幼', '賭場', '不好意思', '甲', '義', '木', '擴大', '失望', '旅遊車', 'X', '冷靜', '羅湖', '準確', '明星', '私', '經過', '土瓜灣', '分派', '入球', '美孚', '文化', '團結', '心情', '體驗', '不對', '呎', '主要', '信心', '回', '週', '中學', '軍隊', '護照', '陪', 'W', '襲擊', '每人', '反應', '拍照', '來源', '悶', '電腦', '會員', '連續', '深', '廣場', '皇', '同學', '面', '養', '伊朗', '分析', '消防', '太子', '放火', '毛', '按照', '名稱', '出軌', '廣播', '成績', '初步', '不幸', '東南', '行動', '華盛頓', '診所', '集體', 'Y', '數據', '不能夠', '打擾', '網球', '健身', '安靜', '技術', '發言', '間', '片段', '運輸', '行街', '令', '出口', '臉', '檢疫', '被告', '流程', '同時', '大雨', '那裡', '清除', '準時', '類別', '特首', '原來', '反抗', '溫度上升', '湧去', '模糊', '樣子', '盡力', '升旗', '人權', '中聯辦', '直至', '智', '下跌', '檢討', '支薪', '註冊', '長洲', '鼻', '聯合', '導致', '毒品', '至今為止', '評論', '坐牢', '允許', '最多', '羣體', '預訂', '建設', '起源', '加起來', '打包', '寬', '飽', '歌', '氣', '吸毒', '指責', '混合', '解除', '獻花', '洗', '隨便', '講演', '善良', '願意', '雪糕筒', '加上', '黑人', '領事', '煮', '龍舟', '基因', '蜜蜂', '押後', '東西', '茶樓', '新疆', '下屬']
7,130,['呼籲', '年輕人', '獲利', '粉', '港', '星星', '廣', '驅逐', '複雜', '身份證', '裁判', '幾多', '流', '深入', '複製', '加強', '榮', '飛回', '審理', '輕', '每日', '飛去', '荃灣', '系統', '填寫', '消滅', '回應', '顯示', '迪士尼', '參觀', '放心', '炸彈', '之外', '參考', '哈', '整個', '生氣', '習慣', '類似', '工人', '廁所', '他們倆', '尖沙咀', '力', '寶', '建', '夏', '綫', '將軍澳', '批', '印尼', '別人', '布', '工會', '展示', '隱藏', '看不見', '出院', '駛去', '全日', '阻擋', '園', '平時', '命', '火炭', '北角', '提早', '起', '展覽', '認為', '流鼻水', '上次', '項目', '貿易', '太空', '倒塌', '驅散', '跑步', '留下', '經營', '陽性', '文章', '爭取', '勝', '樓宇', '假如', '郵寄', '首次', '衫', '關注', '遺漏', '所以', '即時', '羣', '祕魯', '理', '總統', '巴仙', '提供', '說話', '場地', '引', '祕書', '愈來愈多', '單位', '請看這', '解封', '臨時', '回覆', '位置', '譯員', '專門', '符合', '誰人', '調動', '判', '聆聽', '反覆', '革命', '煽惑', '頸', '匯率', '沙田', '掃除', '發薪', '喉嚨', '鄭', '房委會', '車輛行駛', '引渡']
8,112,['協議', '階段', '爭執', '期', '全世界', '下面', '節省', '觀塘', '召集', '額探', '氣氛', '水浸', '程度', '不到', '保護自己', '垃圾', '等等', '動物', '上星期', '師', '進步', '猜', '留家', '飲茶', '靠', '團', '散', '仁', '打電話', '付錢', '無辦法', '賣光', '任何人', '肯定', '孕婦', '越南', '所有', '神', '生命', '上年', '提', '站立', '談話', '推車', '兒子', '裏', '簡單', '下星期', '教會', '火箭', '廣闊', '太古', '武漢病毒', '小學', '吹', '互相', '貼', '勁多', '創', '程序', '紙幣', '尋找', '利息', '落敗', '何時', '除去', '流行', '精神', '律師', '距離', '有人', '十幾', '管制', '瓶', '匯報', '分別', '收到', '粥', '措施', '裁定', '犯罪', '些', '放入', '確診', '失去', '知識', '物品', '培訓', '彈性', '合約', '巴西', '顏色', '爭辯', '軍人', '後嗣', '否認', '壓', '黑色', '過份', '不明白', '訂立', '解放', '國安法', '搶掠', '居住', '天文臺', '漏洞', '首長', '杯', '行政長官', '蘋果', '切割']
9,84,['接下來', '內容', '壞心腸', '集中', '菌', '元', '延遲', '至今', '閱讀', '視像', '胡椒', '起火', '道', '態度', '觀察', '不怕', '範圍', '飲', '浪費', '打敗', '不願意', '板', '怎麼辦', '運貨', '霸', '可', '安慰', '一直', '運送', '變成', '聯繫', '包', '像', '同', '打針', '貴', '不清楚', '號', '語言', '不公平', '圈', '探訪', '公園', '行山', '福', '財', '官', '放鬆', '講座', '埃及', '首爾', '人們', '大阪', '角', '油麻地', '外賣', '障礙', '苦', '老人', '葵涌', '首都', '保障', '影片', '記錄', '無辜', '商業', '狂風', '贏', '豁免', '今次', '聽到', '解僱', '反思', '郭', '分數', '集合', '譴責', '增多', '麥', '各處爆發', '晴天', '事務', '檔案', '加入']
10,63,['興建', '界', '期待', '拖延', '平衡', '負擔', '蜂擁而至', '雨傘', '鐵', '儲存', '白色', '寄信', '加價', '喫虧', '時期', '女兒', '唯一', '股票指數', '消失', '平均', '民', '酒', '稱為', '移民', '傳', '每個', '午', '壞', '敏感', '表達', '室', '裁員', '很久', '結果', '閉路電視', '科學', '付', 'H', '退出', '鬥', '沒事', '報名', '溫暖', '消毒', '指向', '獅子', '命名', '通過', '現金', '容許', '曾', '商量', '啤酒', '厲害', '這裏', '報道', '進來', '建築物', '抓', 'V', '證據', '審訊', '處所']
11,69,['表', '勞工', '代替', '店舖', '落閘', '哪裏來', '橋', '節日', '紅磡', '舊', '口', '環保', '中環', '公主', '海鮮', '穿', '報', '弱', '廣東', '騙', '投資', '越來越少', '冷', '同事', '凌晨', '籃球', '直升機', '買賣', '回復', '詳細', '幫我', '便宜', '蛋', '爭議', '慢', 'M', '查', '跌', '泊船', '設計', '迫', '雙方', '將', '士兵', '提出', '忽然', '表現', '宣誓', '播放', '聚合', '酒精', '介紹', '相同', '佔', '放寬', '細節', '招聘', '安心', '勝出', '完整', '數目', '收藏', '雷暴', '林鄭月娥', '管治', '最高', '那裏', '名單', '口號']
12,45,['付款', '直接', '龍', '旅遊巴', '恭喜', '闊', '數量', '乾', '保', '以上', '送', '直到', '樹', '常常', '傳統', '探熱', '刺激', '叫', '星', '無奈', '逗留', '資源', '店', '忍', '盒', '留在', '返回', '完結', '這樣', '入院', '事件', '電影', '慶祝', '元朗', '喜歡', '楊', '會不會', '偏', '勾結', '肉', '指派', '冠', 'G', '交換', '幹擾']
13,48,['建立', '河', '中午', '美', '不一定', '接近', '親戚', '退步', '示範', '勝利', '升', '幼稚園', '來回', '馬來西亞', '新年', '講', '字頭', '遠', '前面', '巴', '太', '新界', '簽署', '設施', '羊', '葉', '帶領', '泊', '上學', '衣', '游泳', '電臺', '綠', '空', '起名', '舉起', '環', '恐怖', '血', '英文', '商討', '濕度', '西班牙', '完善', '美容', '嚴厲', '樣本瓶', '遊行']
14,38,['利用', '梁', '租金', '紙', '通宵', '負責人', '法官', '醫療', '火車', '全身', '辛苦', '外出', '剛', '按', '旅行團', '爸爸', '追', '歧視', '開放', '灣', '大學', '不理', '洗手', '被捕', '免', '邨', '向', '津貼', '青年', '司機', '嘗試', '表演', '哪裏', '落雨', '睡覺', '營業', '基本法', '損失']
15,45,['告訴', '給我', '能力', '屯門', '出入', '嬰兒', '結婚', '陳', '不喜歡', '道歉', '支出', '沒辦法', '忍耐', '華為', '出', '年輕', '有否', '送院', '咳嗽', '平安', '專注', '城', '德國', '社區', '蔓延', '豬', '挑戰', '舒服', '踢', '剛才', '初', '漏', '指揮', '逃走', '拍攝', '軍', '戰爭', '部', '它', '離開', '酒樓', '証明', '正', '預約', '炎熱']
16,24,['何', '跟隨', '政治', '宣傳', '警', '霸佔', '表格', '不適合', '法國', '店鋪', '明顯', '召', '手', '非法', '巴士', '運動', '到今', '炒', '歡迎', '領事館', '收', '交給', '臺', '電視廣播有限公司']
17,30,['承諾', '出生', '步', '市民', '收入', '福利', '公開', '捉', '家庭', 'E', '貨品', '活', 'S', '吸引', '約', '演講', '碼頭', '跑', '樽', '細菌', '康', '越來越多', '等待', '反', '發射', '唾液', '煽動', '捐', '跟從', '組別']
18,32,['人民', '不行', '膠', '九龍', '暖', '紅', '思考', '排', '防守', '法例', '島', '主動', '課', '拉', '油', '媽媽', '不舒服', '假期', '多次', '場', '家人', '知', '不夠', '偷', '專', '丁', '旗', '封鎖', '牌', '間中', '經驗', '巴基斯坦']
19,30,['害怕', '經常', '村', '客人', '尊重', '監禁', '勇', '溝通', 'N', '為何', '電視', '網上', '出去', '永遠', '位', '太陽', '不合理', '地', '需要', '稱呼', '開槍', '機器', '政', '藍', '怕', '今年', '佛', '持續', '有權利的人', '權利']
20,17,['銅鑼灣', '近', '安', '小朋友', '大埔', '明', '趕走', '保留', '破', '殺', '分離', '錯誤', '立法會', '簽名', '本土', '氣溫', '字']
21,16,['習', '方便', '回家', '擲', '玩', '愛', '王', 'I', '全球', '抗議', '唱歌', 'D', '俄羅斯', '立法', '百份比', '內部']
22,23,['穩定', '有沒有', '左右', '紐約', '為甚麼', '簽約', '主任', '上課', '她', '暫停', '要否', '承認', '搬', '是', '湖北', '每天', '重', '阻止', '亞洲', '喫', '和平', '生計', '石']
23,21,['事情', '收集', '機場', '田', '不開心', '駕駛', '撥款', '私人', '門', '順利', '欺騙', '人流', '復', '座位', '老師', '隱瞞', '韓國', '機', '節', '適合', '駐']
24,16,['貨物', '要求', '電', '光', '噴', '報導', '要不要', '失敗', '開心', '這些', '頭', '歷史', '踢球', '冠冕', '簽', '新型冠狀']
25,14,['稅', '槍', '發燒', '衣服', '戴', '失業', '假', '銀行', '試', '號碼', '搶', '祕密', '酸', '閃電']
26,23,['湖', '菜', '泰', '換', '借', '差', '封閉', '房間', '足夠', '昨天', '海洋公園', '牀', '黃', '這裡', '雷', '的士', '害', '呼吸', '拜', '隊伍', '新冠病毒', '曬', '登記']
27,14,['專家', '平', '放假', '擴散', '加拿大', '倍', '看不到', '票', '屬於', '逛街', '英', '灣仔', '監督', '事實']
28,16,['出糧', '旺角', '休息', '不理會', '學', '朋友', '消費', '賺', '自由', '組織', '訂', '不好', '魚', '生', '出任', '派發']
29,9,['金', '試過', '集會', '不滿', '緊張', '非', '電話', 'B', '選舉']
30,12,['小心', '尾', '照顧', '黑', '目的', '聽', '資助', '新加坡', '拒絕', '鼓勵', '保安', '書']
31,11,['批評', '壓力', '多少', '明白', '飛', '食', '意思', '國際', '誤會', '簽證', '回答']
32,11,['突然', '見面', '建築', '城市', '過去', '全', '病毒', '客', '本地', '常', 'P']
33,14,['示威', '堅持', '某些人', '米', '退', '同意', '深圳', '網', '不知', '話', '負', '交', '入境', '意大利']
34,15,['是不是', '你', '答', '商場', '鑽石', '確定', '會議', '混亂', '那', '委員會', '罪', '先', '機構', '散播', '再次']
35,20,['白', '修改', '帶', '泰國', '澳洲', '花', '誇張', '紀念', '責任', '大廈', '韓', '張', '基金', '放棄', '是否', '霧', '故意', '職員', '嚴格', '羣組']
36,5,['和', '合理', '火', '教', '宿舍']
37,10,['<STOP>', '容易', '質素', '緊急', '聯絡', '亞', '老闆', '免費', '瞭解', '文件']
38,10,['年齡', '涼', '波', '審判', '代', '普通', '足球', '傳播', '明日', '酒吧']
39,6,['制', '線', '正常', '交通', '身體', '文']
40,5,['解決', '滿', '州', '獨立', '奧運']
41,11,['配合', '工', '租', '沙', '釋放', '受傷', '護士', '首先', '讀書', '菲律賓', '桌']
42,10,['依然', '遲', '下降', '請', '成立', '訓練', '哪裡', '勁', '教育', '有些']
43,7,['基本', '爆炸', '打', '見', '生活', '救', '小時']
44,9,['轉', '説', '管', '用', '食物', '封關', '即', '專業', '南韓']
45,3,['對', '一般', '找']
46,8,['關門', '藥', '因為', '記者', '星期日', '錯', '補', '任何']
47,2,['關係', '酒店']
48,6,['副', '大家', '其他', '清楚', '了', '冠狀病毒']
49,9,['暴力', '上網', '水', '空氣', '解釋', '放', '印度', '股票', '裡面']
50,4,['清理', '個人', '即刻', '康復']
51,7,['身份', '行', '部門', '社', '社會', '誰', '歐洲']
52,8,['分鐘', '東京', '一起', '地鐵', '成功', 'T', '新冠肺炎', '條例']
53,3,['努力', '機會', '不知道']
54,6,['合作', '急', '題目', 'A', '取', '違反']
55,4,['破壞', '街', '報告', '站']
56,3,['馬', '短', 'K']
57,5,['聯', '德', '回來', '晚', '參加']
58,3,['小', '住', '主席']
59,2,['估計', '控制']
60,5,['看到', '比較', '接受', '定', '意見']
61,5,['之後', '感覺', '對於', '樓', '降下']
62,2,['人人', '隊']
63,4,['例如', '山', '違法', '有時']
64,7,['西', '訪問', '幹涉', '爆發', '發展', '交流', '指']
65,1,['醫院']
66,2,['最近', '延後']
67,5,['服務', '談', '今日', 'L', '學校']
68,6,['代表', '留意', '知道', '華', '怎樣', '老']
69,5,['懷疑', '一定', '海', '剛剛', '問題']
70,3,['公', '戴口罩', '隔離']
72,6,['申請', '消息', '醫生', '大約', 'O', '行為']
73,1,['權力']
74,3,['員工', '嚴', '排隊']
75,3,['林', '臺灣', '房']
76,1,['走']
77,3,['冠狀', '期間', '肺炎']
78,3,['建議', '求', '生意']
79,5,['暫時', '環境', '控告', '喫飯', '日期']
80,6,['有權力的人', '信', '他們', '點', '比', '記']
81,2,['派', '長']
82,1,['留']
83,2,['英國', '投票']
84,2,['陽光', '不同']
85,3,['調查', '外國', '感染']
86,4,['低', '貨', '賣', '特別']
87,4,['次', '接收', '數', '路']
88,2,['分', '前']
89,4,['早', '關閉', '車', '醫']
90,1,['特朗普']
91,7,['億', '過程', '團體', '活動', '寫', 'C', '恢復']
92,2,['差不多', '比賽']
93,5,['等', '權', '接觸', '問', '新冠']
94,4,['強', '女', '歲', '熱']
95,5,['分開', '支持', '不要', '地區', '聚集']
96,1,['半']
97,1,['批准']
98,1,['毒']
99,2,['未', '領袖']
100,2,['立', '某些']
101,3,['北', '男', '下午']
102,5,['考慮', '曾經', '完成', '資料', '學生']
103,1,['跟']
104,3,['世界', '取消', '北京']
105,1,['好像']
106,3,['東', '事', '附近']
107,2,['選', '雨']
108,1,['晚上']
109,3,['旅遊', '坐', '返']
110,1,['化驗']
112,1,['武漢']
114,2,['擔心', '濕']
115,2,['我們', '澳門']
116,2,['上', '評估']
118,5,['到', '發現', '南', '健康', '上升']
120,3,['下', '拘捕', '開']
121,1,['如何']
122,1,['重要']
123,3,['重複', '餐廳', '考試']
124,1,['反對']
125,3,['發炎', '委員', '船']
127,2,['困難', '少']
128,2,['雲', '提醒']
130,1,['最後']
131,1,['禁止']
132,3,['開會', '其實', '減少']
133,2,['議員', '研究']
134,2,['發生', '時']
135,1,['減']
136,2,['公司', '主']
139,2,['大', '家']
140,1,['心']
142,1,['危險']
144,1,['估']
146,3,['懲罰', '命令', '快']
147,3,['新聞', '安排', '下雨']
148,1,['高']
152,2,['早上', '來']
153,2,['未來', '處理']
155,1,['日本']
158,1,['樣']
160,1,['買']
162,2,['明天', '天氣']
164,2,['嚴重', '請看']
165,2,['希望', '衞生']
167,1,['好']
168,1,['關']
169,1,['飛機']
172,1,['經濟']
173,2,['錢', '有關']
174,1,['停']
175,1,['包括']
180,1,['管理']
182,1,['覺得']
185,1,['風']
187,1,['決定']
188,1,['各種']
190,1,['方法']
195,1,['準備']
198,1,['某人']
199,1,['保護']
202,1,['零']
204,1,['做']
205,1,['百分比']
208,1,['口罩']
214,1,['但是']
215,1,['繼續']
218,2,['至', '仍然']
220,1,['幾']
224,1,['自']
225,1,['後']
230,1,['超']
233,1,['他']
234,1,['幫']
235,1,['溫度']
239,2,['完', '地方']
243,1,['個']
244,1,['防']
246,1,['如果']
247,1,['可能']
248,1,['入']
249,1,['計算']
250,2,['日', '以前']
251,1,['安全']
253,1,['傳染']
261,2,['中', '萬']
265,1,['死亡']
267,1,['最']
275,2,['限制', '外']
280,1,['時間']
285,1,['甚麼']
286,1,['計劃']
288,1,['檢測']
295,1,['千']
298,1,['天']
314,1,['組']
315,1,['關於']
319,1,['看']
325,1,['部分']
330,1,['第']
331,1,['另']
334,1,['九']
343,1,['規則']
348,1,['年']
349,1,['區域']
357,1,['或者']
362,1,['影響']
364,1,['想']
365,1,['變']
368,1,['証實']
373,1,['去']
376,1,['警察']
380,1,['給']
396,1,['百']
398,1,['不能']
403,1,['國']
408,1,['工作']
417,2,['內', '八']
424,1,['開始']
450,1,['七']
462,1,['法']
466,1,['負責']
472,1,['美國']
473,1,['炎']
477,1,['我']
481,1,['再']
490,1,['六']
497,1,['星期']
501,1,['今']
503,1,['新']
513,1,['兩']
517,1,['不']
538,1,['沒']
540,1,['月']
556,1,['五']
568,1,['屋']
586,1,['情況']
605,1,['現在']
606,1,['病']
649,1,['']
661,1,['能']
667,1,['四']
682,1,['內地']
720,1,['多']
792,1,['加']
808,1,['<X>']
809,1,['<BAD>']
928,1,['肺']
950,1,['要']
962,1,['政府']
966,1,['會']
980,1,['真']
990,1,['三']
1060,1,['十']
1065,1,['名字']
1084,1,['全部']
1117,1,['二']
1249,1,['香港']
1251,1,['<MUMBLE>']
1276,1,['這']
1350,1,['說']
1556,1,['人']
2128,1,['一']
2224,1,['有']
