ID,Decoded Sentence,Target Sentence,Accuracy
2020-01-16/027393-027476,"['行樓梯', '瓶', '<BAD>', '<BAD>', '<BAD>', '<BAD>']","['影響', '這些', '客', '人', '感覺', '急']",0.0
2020-01-18/002908-003094,"['轉換', '期待', '狹窄', '塞爾維亞', '保留', '時代', '共和國', '閞會', '共有', '語言', '看症', '<BAD>', '<BAD>']","['特別', '甚麼', '地方', '關於', '收入', '但是', '同時', '其實', '支出', '減', '不', '經濟', '下降']",0.0
2020-01-19/020005-020272,"['泰國', '唯一', '線', '線', '北斗', '發展', '號', '北斗', '衛星', '<BAD>', '<BAD>', '<BAD>', '<BAD>', '<BAD>', '<BAD>', '<BAD>', '<BAD>', '<BAD>', '<BAD>', '<BAD>', '<BAD>', '<BAD>', '<BAD>', '<BAD>', '<BAD>', '<BAD>', '<BAD>', '<BAD>', '<BAD>']","['但是', '政府', '陳', '波', '說', '支出', '繼續', '加', '今', '年', '<X>', '經濟', '退步', '沒', '估', '二', '零', '二', '三', '二', '零', '二', '四', '左右', '月', '月', '十', '九', '支出']",0.0
2020-01-19/032266-032383,"['為何', '股市', '出任', '氣氛', '不同', '突然', '雷達', '雷達', '雷達', '<BAD>', '<BAD>']","['天氣', '情況', '現在', '上升', '一', '八', '有', '濕', '百分比', '七', '十']",0.0
2020-01-20/000983-001224,"['同學', '眾', '多方防止', '被資助', '威', '威', '足球', '沒事', '桌', '團隊', '資助', '上學', '物質', '<BAD>', '<BAD>', '<BAD>', '<BAD>', '<BAD>', '<BAD>', '<BAD>', '<BAD>', '<BAD>']","['名字', '下', '說', '香港', '長', '立', '國', '安全', '規則', '不', '未來', '某些人', '容易', '入侵', '破壞', '破壞', '<MUMBLE>', '破壞', '一', '國', '兩', '制']",0.0
2020-01-22/002042-002267,"['嚴厲', '強烈', '座', '版本', '樓上', '支出', '互相', '喉管', '行山', '罷工', '科學', '銀行', '一般', '<BAD>', '<BAD>']","['男', '病', '沙', '佐敦', '醫院', '分開', '治療', '轉', '<BAD>', '送', '另', '名字', '馬', '醫院', '分開']",0.0
2020-01-22/007309-007496,"['宿舍', '遲', '網', '網', '噴霧', '奧運', '噴手', '預防', '蔓延', '<BAD>', '<BAD>']","['不能', '限制', '買', '字', '不能', '要', '保護', '口罩', '賣', '<X>', '能']",0.0
2020-01-25/022956-023151,"['迪士尼', '鑼', '肯定', '介紹', '申請', '申請', '貨品', '病人', '<BAD>', '<BAD>', '<BAD>', '<BAD>', '<BAD>', '<BAD>']","['工作', '錢', '加', '或者', '上升', '政府', '答', '要', '包括', '甚麼', '五', '這', '這', '這']",0.0
2020-01-28/000736-000983,"['泰國', '立法', '泰國', '火藥', '多數', '汗', '營運', '護士', '護士', '順利', '層次', '假期', '新加坡', '富貴', '除去', '上船', '十字', '體驗']","['國', '衞生', '健康', '委員會', '說', '肺', '炎', '有', '重要', '呼吸', '打噴嚏', '飛沫', '傳染', '或者', '接觸', '傳染', '能', '<BAD>']",0.0
2020-01-29/010520-010860,"['假如', '聯', '得奬', '講座', '走路', '明白', '按照', '大地方', '羣組', '價值', '教育自己', '生計', '熱門', '其他', '題目', '圖', '飲食', '標語', '追踨', '用', '引', '引', '引', '<BAD>', '<BAD>', '<BAD>', '<BAD>', '<BAD>', '<BAD>', '<BAD>', '<BAD>', '<BAD>']","['說', '發燒', '各種', '有否', '日', '十', '四', '內', '有否', '去', '武漢', '曾經', '返', '香港', '人', '比', '以前', '兩', '日', '前', '多', '後', '排隊', '時間', '長', '完', '負責', '海關', '口罩', '有', '護目鏡', '加']",0.0
2020-01-29/026002-026184,"['旺角', '這裡', '便衣', '集會', '集會', '之後', '塗鴉', '經常', '搶掠', '揮手', '車來回', '<BAD>', '<BAD>', '<BAD>', '<BAD>', '<BAD>', '<BAD>']","['醫生', '組', '覺得', '困難', '決定', '請假', '為何', '批評', '政府', '一直', '處理', '好', '內地', '來', '香港', '危險', '沒']",0.0
2020-01-30/009172-009267,"['西班牙', '天上', '人仕', '氣氛', '精英', '靴', '不開心', '<BAD>']","['政府', '現在', '內地', '政府', '合作', '包括', '海', '關']",0.0
2020-01-30/009534-009608,"['焦點', '耳帶', '情形', '表達', '<BAD>', '<BAD>', '<BAD>', '<BAD>', '<BAD>', '<BAD>']","['估', '會', '進', '一', '步', '賣', '賣', '賣', '貨', '有']",0.0
2020-01-31/025376-025567,"['N', '外交部', '金', '參觀', '兒童', '派', '火', '董', '情人', '不懂', '<BAD>']","['差不多', '日', '半', '<MUMBLE>', '歐洲', '解除合作關係', '<MUMBLE>', '<BAD>', '<BAD>', '<MUMBLE>', '名字']",0.0
2020-02-01/008425-008565,"['民主黨', '民主黨', '祕密', '涂謹申', '涂謹申', '涂謹申', '受傷', '<BAD>', '<BAD>', '<BAD>', '<BAD>', '<BAD>', '<BAD>']","['今日', '暫時', '新', '加', '肺', '炎', '沒', '全部', '計算', '有', '十', '三', '仍然']",0.0
2020-02-01/012257-012371,"['天氣', '報到', '報到', '樣子', '右手', '左手', 'X', '戴', '限度', '<BAD>']","['家', '靠', '媽媽', '一', '工作', '收入', '低', '但是', '口罩', '加價']",0.0
2020-02-01/014436-014676,"['之外', '接近', '之外', '李顯龍', '弟弟', '長者', '立體長方形', '留在這兒', '獨立', '華', '樽由', '稱為', '米', '地方拿到另', '搬離', '外傭', '外傭', '自覺', '<BAD>', '<BAD>', '<BAD>', '<BAD>', '<BAD>', '<BAD>', '<BAD>', '<BAD>', '<BAD>', '<BAD>']","['內地', '新', '肺', '炎', '確定', '病', '加', '一', '萬', '一', '千', '八', '百', '全部', '二', '百', '五', '十', '九', '人', '死亡', '<X>', '超', '二', '七', '零', '人', '康復']",0.0
2020-02-01/023109-023272,"['保安', '韓', '詳細', '詳細', '詳細', '詳細', '流程', '平均', '留下', '撥弄是非', '犯罪', '城市', '團', '磚', '<BAD>', '<BAD>']","['聯署', '<X>', '區域', '議員', '深水埗', '區域', '議員', '估', '最', '快', '星期', '一', '召集', '緊急', '開會', '談']",0.0
2020-02-01/028700-028839,"['間中', '墨爾本', '公開', '宣誓', '明天', '歲', '投資', '笑', '冠', '大九', '大九', '<BAD>', '<BAD>', '<BAD>', '<BAD>']","['歲', '二', '十', '英國', '年輕', '名字', 'O', '說', '脫離', '歐洲', '英國', '會', '自', '權', '能']",0.0
2020-02-02/031155-031350,"['新加坡', '總統', '幼稚園', '拉下口罩', '吐痰', '康復', '批', '批', '年老', '腦', '尊業', '同步', '同步', '<BAD>', '<BAD>', '<BAD>', '<BAD>', '<BAD>', '<BAD>', '<BAD>', '<BAD>', '<BAD>']","['真', '報紙', '著名', '嚇', '有關', '多', '勝過', '林', '有', '錯失', '比', '勝過', '加', '變', '上升', '第', '三', '有', '<MUMBLE>', '有', '<MUMBLE>', '喜歡']",0.0
2020-02-03/021513-021593,"['香港大學', '爭辯', '佐敦', '師', '餘', '被', '被', '<BAD>']","['香港', '仍然', '一', '五', '新', '人', '肺', '炎']",0.0
2020-02-03/025528-025763,"['最新', '鄭', '關係', '骯髒', '海洋公園', '比實', '救', '訓練', '換', '訓練', '沒有說', '<BAD>', '<BAD>', '<BAD>', '<BAD>', '<BAD>']","['政府', '做', '不', '外國', '政府', '覺得', '香港', '沒', '事', '感覺', '另', '國', '跟', '做', '死亡', '死亡']",0.0
2020-02-03/032083-032159,"['蜜蜂', '溫度', '調到', '濕度', '濕', '百分比', '百份比', '<BAD>']","['今', '溫度', '一', '九', '濕', '百分比', '七', '四']",0.375
2020-02-05/007877-008143,"['加拿大', '老師', '欺騙', '欺騙', '睡覺', '冠', '說服', '字頭', '冠', '恨', '是非', '重', '重', '泰國', '犯罪', 'A', '<BAD>', '<BAD>', '<BAD>', '<BAD>', '<BAD>', '<BAD>']","['急', '不', '變', '急', '等', '久', '今', '知', '擔心', '有', '如果', '去', '前', '有', '某人', '感染', '有', '我', '去', '不', '說', '真']",0.0
2020-02-05/018206-018350,"['鐘響', '我的', '關係', '茘枝角', 'P', '留意', '唱歌', '搶走', '下機', '撥款', '<BAD>']","['口罩', '買', '賣', '有', '區域', '區域', '看', '通宵', '看', '天天', '看']",0.0
2020-02-07/003206-003539,"['富豪', '富豪', '將軍澳', '新冠肺炎', '隊', '隊', '兵', '都', '預訂了', '預訂了', '園', '園', '建築', '住客', '園', '坐', '全部表面抹', '需要', '即刻', '洗', '題目', '園', '摸', '自殺', '<BAD>']","['入境', '人', '入', '真', '地址', '給我', '告訴', '要', '如果', '迫', '住', '這', '全部', '資料', '寄', '會', '全部', '資料', '家人', '分開', '不要', '但是', '家人', '探訪', '不能']",0.0
2020-02-07/019728-019816,"['廣', '熱心', '旅團', '嘉賓', '<BAD>', '<BAD>']","['新聞', '時間', '看', '香港', '<MUMBLE>', '情況']",0.0
2020-02-08/007611-007804,"['相同', '進', '看得到', '奬', '奧運', '奧運', '協助', '莎蓮娜威廉斯', '股市圖', '檔案', '鏈', '首先', 'A', '<BAD>', '<BAD>', '<BAD>', '<BAD>', '<BAD>']","['', '嚴', '管', '有關', '一', '百', '六', '一', '真', '內', '有', '香港', '人', '一', '百', '四', '三', '人']",0.0
2020-02-08/011641-011912,"['等等', '傳媒', '報道', '掩飾', '加拿大', '艱苦', '坐飛機到北京', '引渡', '馬', '悲', '痛', '未', '過關', '<BAD>']","['小心', '處理', '專業', '建議', '全部', '船', '內', '員工', '全部', '新', '肺', '炎', '化驗', '評估']",0.0
2020-02-08/020066-020235,"['意大利', '相同', '肯定', '叫', '歌', '隱瞞', '免', '親戚', '喫虧', '左肩', '尊業', '貨品', '淘汰', '<BAD>']","['有', '某些', '取', '票', '不能', '房', '內', '爭吵', '浪費', '我', '時間', '排隊', '五', '小時']",0.0
2020-02-10/013113-013335,"['利用', '下年', '加上', '兩方', '兩方', '國際', '批准', '桌', '細', '批准', '懷孕', '衝擊', '大阪', '<BAD>', '<BAD>']","['政府', '做', '有', '考慮', '清楚', '要否', '放', '酒精', '搓手', '或者', '防', '其他', '放', '放', '要否']",0.0
2020-02-10/018008-018187,"['黃色', 'S', '網', '可否', 'D', '查', '近', '近', '近', '成功', '相隔', '<BAD>']","['名字', '名字', '上', '流', '生', '生', '非', '英文', '電影', '讚賞', '好', '電影']",0.0
2020-02-11/026086-026422,"['激動', '銀行', '健身', '白色', '這個團體', '唱歌', '近', '年齢', '人們圍圈坐', '士兵', '食肆', '石', '全身', '筋', '仍', '去過', '指揮', '鑼', '競逐', '推搪', '嘔吐', '嘔吐', '嘔吐', '<BAD>', '<BAD>']","['美國', '組', '法', '控告', '內地', '軍', '會', '四', '懷疑', '信', '入', '資料', '取', '一', '點', '五', '億', '人', '個人', '資料', '北京', '外', '<MUMBLE>', '控告', '反對']",0.0
2020-02-16/027861-028124,"['康', '陳', '公司', '夏威夷', '隻', '手都拿著東西不知選那樣好', '隔', '隧道', '顏色', '椒', '摸', '律師', '輕', '亞', '亞', '摸另', '指責', '<BAD>', '<BAD>', '<BAD>', '<BAD>']","['今', '<MUMBLE>', '懷疑', '病', '或者', '衞生', '細胞', '病', '毒', '發燒', '人', '今', '這', '人', '証實', '接觸', '人', '這些', '分離', '分離', '管理']",0.0
2020-02-18/004971-005145,"['見面', '股票指數', '廣播', '珼', '孫', '加價', '加價', '退出', '殺', '殺', '順利', '陰性', '<BAD>', '<BAD>', '<BAD>', '<BAD>', '<BAD>', '<BAD>', '<BAD>', '<BAD>']","['部分', '人', '香港', '証實', '証實', '証實', '可能', '要', '等', '兩', '星期', '至', '三', '星期', '後', '入院', '這', '完', '走', '能']",0.0
2020-02-20/001142-001252,"['高雄', '奬盃', '意思', '逛街', '<BAD>', '<BAD>', '<BAD>', '<BAD>']","['另', '的士', '司機', '今', '暫時', '有', '病', '傳染']",0.0
2020-02-20/014292-014423,"['程序', '國際', '罐頭', '罐頭', '遊', '傳訊息', '環', '<BAD>', '<BAD>', '<BAD>', '<BAD>', '<BAD>', '<BAD>', '<BAD>', '<BAD>']","['計算', '昨天', '第', '一', '批准', '部分', '船', '人下船', '有', '另', '五', '百', '人', '船', '人下船']",0.0
2020-02-20/026018-026331,"['左肩', '血', '流血', '不同', '不同', '歧視', '不同', '種族', '不同', '不同', '支出', '支出', '支出', '防護', '差', '投票', '投票', '大家', '禮拜', '全身', '全身', '全身', '寫作', '書本', '書本', '<BAD>', '<BAD>', '<BAD>', '<BAD>', '<BAD>', '<BAD>', '<BAD>', '<BAD>', '<BAD>', '<BAD>']","['教育', '屋', '說', '香港', '全部', '學校', '最', '早', '三', '月', '十', '六', '日', '復', '課', '但是', '定', '日期', '我', '看', '情況', '病', '病', '如何', '學校', '準備', '遲', '全部', '口罩', '清理', '各種', '準備', '完成', '再', '決定']",0.0
2020-02-22/004739-004915,"['首都', '出席者', '首都', '遠處', '戒', '涼', '涼', '不滿', '不滿', '權力']","['希望', '大家', '知道', '剛才', '多謝', '國泰', '飛機', '員工', '<BAD>', '<BAD>']",0.0
2020-02-22/016647-016895,"['年齡', '分享', '公主', '公主', '用', '用', '飛去', '散播', '邨', '交給', '住', '返', '拒絕', '拒絕', '凌晨', '粒狀', '<BAD>', '<BAD>', '<BAD>', '<BAD>']","['意大利', '命令', '完', '飛機', '接收', '全部', '船', '內', '人', '返', '意大利', '發生', '死亡', '情況', '一', '死亡', '地方', '北', '威', '屬於']",0.0
2020-02-22/017018-017240,"['今年', '星', '謊言', '謊言', '眼', '湧現', '說話', '身體', '身體', '羊', '羊', '地', '檔案', '河', '羊', '博士', '<BAD>']","['今年', '一直', '新界', '北', '說', '便利店', '打劫', '打劫', '加', '十', '一', '拘捕', '三', '年輕', '有關', '多', '打劫']",0.058823529411764705
2020-02-22/019866-020039,"['玉', '火車', '每小時', '膝蓋', '膝蓋', '民眾', '房子', '任何人', '任何人', '瘋狂', '盒', '是不是', '百幾', '爬']","['想', '影響', '混亂', '研究', '模糊', '誤會', '不同', '人', '全部', '合作', '<BAD>', '<BAD>', '<BAD>', '<BAD>']",0.0
2020-02-25/023933-024222,"['他倆', '進步', '主任', '文件', '搬上', '網上', '旅行社', '匙', '看不清楚', '失望', '罷了', '所以', '晴天', '苦', '陽光', '資金', '<BAD>', '<BAD>', '<BAD>']","['出錢', '這', '甚麼', '人們', '老', '這些', '加價', '加價', '後', '或者', '醫療', '或者', '社', '福利', '出錢', '出錢', '肯定', '上升', '會']",0.0
2020-02-27/012889-013171,"['湖', '韓國', '深圳', '等於', '機構', '把', '非', '大眾', '上海', '由於', '分數', '反駁', '多謝', '娛樂', '商業', '商業', '位置', '球踢出', '互相幫助', '流傳出去', '<BAD>', '<BAD>', '<BAD>']","['國', '組', '名字', '名字', '鍾', '說', '信心', '能', '內地', '管', '能', '肺', '肺', '今', '即刻', '來源', '內地', '這', '哪裡', '來', '肯定', '內地', '不一定']",0.0
2020-02-29/009754-010051,"['天文臺', '繞', '稱呼', '廣', '鸚鵡', '生', '冠冕', '鑽石', '湧浪', '書', '太古', '火', '熟悉', '火', '生意', 'N', '鐘', '鐘', '鹹', '<BAD>', '<BAD>', '<BAD>', '<BAD>']","['真', '真', '某些', '專業', '發現', '新型冠狀', '肺', '炎', '人', '傳', '人', '容易', '多', '人', '人', '傳染', '感染', '少', '直接', '接觸', '人', '感染', '少']",0.0
2020-03-01/007862-008109,"['泰國', '垃圾', '桶', '青年', '多點', '民眾', '讀書', '讀書', '影片', '供給', '員工', '平均', '寄', '<BAD>', '<BAD>', '<BAD>', '<BAD>']","['懷疑', '有', '兩', '定', '有', '肺', '炎', '有', '兩', '懷疑', '公主', '鑽石', '化驗', '有', '病', '毒', '防']",0.0
2020-03-01/011098-011223,"['商場', '識做', '往常', '煙向上升', '人民', '由下至上', '從頭到尾受影響']","['知道', '有', '過程', '解剖', '<BAD>', '這', '研究']",0.0
2020-03-01/013596-013856,"['鐵', '忍耐', '桶', '丟', '肥', '橋', '橋', '短片', '等待', '每天', '視野', '指向', 'A', '使用', '雞', '中文', '救', '<BAD>', '<BAD>', '<BAD>', '<BAD>']","['目的', '鼓勵', '自', '控制', '錢', '支出', '有', '<MUMBLE>', '想', '申請', '困難', '最', '困難', '甚麼', '找', '錢', '合理', '有', '貨', '布', '各種']",0.0
2020-03-02/008859-008959,"['長大', '反應', '踴躍', '穩定', '穩定', '危害', '<BAD>', '<BAD>', '<BAD>']","['有', '部分', '工作', '要', '做', '家', '內', '不', '方便']",0.0
2020-03-02/018685-018871,"['屯門', '建築物', '莫斯科', '紅場', '電車', '橋', '橋', '反口', '留下', 'T', '幼稚園', 'K', 'K', '救', 'K', 'A', '年級', 'P']","['金', '管', '屋', '說', '樓', '或者', '反口', '反口', '真', '真', '要', '時間', '看', '要否', '給', '容易', '計劃', '規則']",0.05555555555555555
2020-03-02/026925-027090,"['表現', '代理', '肯定', '快點', '講', '提供', '將', '將', '昂貴', '昂貴', '<BAD>', '<BAD>', '<BAD>', '<BAD>']","['瞭解', '詳細', '康', '文', '全部', '資源', '附近', '街', '或者', '地方', '起名', '名字', '會', '<MUMBLE>']",0.0
2020-03-03/008737-008970,"['將軍澳', '富豪', '將軍澳', '人來', '大埔', '大埔', '房', '房', '管', '乾淨', '派', '引致', '陳', '各處爆發', '躲藏', '位於', '地點', '<BAD>', '<BAD>', '<BAD>', '<BAD>', '<BAD>', '<BAD>', '<BAD>']","['要', '想', '快', '安排', '返', '香港', '檢測', '工', '聯', '會', '建', '規則', '組', '覺得', '要', '兩地', '這裡', '遠', '要', '接收', '接收', '返', '香港', '要']",0.0
2020-03-05/032346-032489,"['巴西', '開香檳', '環境黑', '煙向上升', '站立的人', '拍', '擔遮', '一邊擔遮一邊喫飯', '<BAD>', '<BAD>', '<BAD>', '<BAD>', '<BAD>']","['風', '東', '未來', '兩', '天', '三', '天', '變', '暖', '早', '晚', '霧', '有']",0.0
2020-03-06/012384-012552,"['衞生署', '後面', '直抵', '直抵', '盡力', '剪綵', '環', '騙', '騙', '角', '<BAD>', '<BAD>', '<BAD>', '<BAD>']","['今', '計算', '全部', '五', '百', '全部', '計算', '計算', '超', '一', '半', '西', '北', '地方']",0.0
2020-03-06/027596-027745,"['瑞士', '主播', '雲', '院舍', '拿着槍', '戴着頭盔', '看守', '戴', '表達', '段']","['如果', '一', '點', '四', '死亡', '百分之', '意思', '多', '多', '多']",0.0
2020-03-08/014718-014890,"['整個', '溝通', '呼吸', '最喜歡', '試', '平均', '分之', '文化', '電影', '要否', '公開', '<BAD>', '<BAD>']","['今', '真', '真', '真', '泊船', '時間', '不知', '知', '我們', '急', '快', '送', '回家']",0.0
2020-03-09/022297-022528,"['樹', '奇異鳥', '退', '心', '隱藏', '隱藏', '黑', '青年', '偷', '那邊', '放棄', '偷', '偷', '入油', '<BAD>', '<BAD>', '<BAD>', '<BAD>', '<BAD>', '<BAD>', '<BAD>', '<BAD>', '<BAD>', '<BAD>']","['新', '公開', '有關', '買', '超', '一', '千', '幾', '千', '倍', '倍', '真', '名字', '名字', '興', '有關', '穩定', '仍然', '股票', '高', '二', '十', '百分比', '<MUMBLE>']",0.0
2020-03-09/024210-024411,"['基本', '相同', '答', '答', '買賣', '慢', '紅磡', '程度', '對我', '朋友', '不能夠', '勁多', '<BAD>', '<BAD>', '<BAD>', '<BAD>']","['可能', '有', '部分', '有', '用', '能', '例如', '聯絡', '已經', '海', '關', '同', '事', '幫', '幫', '有']",0.0
2020-03-11/000661-000905,"['表演', '唱歌', '唱歌', '自行', '圍', '祕密外出', '海洋公園', '嚴厲', '嘗試', '被帶到', '美元', '肥', '歌', '富貴', '港元', '上船', '<BAD>', '<BAD>', '<BAD>', '<BAD>', '<BAD>']","['多', '國', '旅遊', '限制', '嚴重', '影響', '旅行團', '公司', '經濟', '組', '希望', '政府', '宣傳', '多', '另', '補', '解決', '困難', '方法', '規則', '計劃']",0.0
2020-03-11/029752-029847,"['勝利', '提供', '人大常委會', '天空', '太陽照射', '捉來', '不明白發生何故', '<BAD>', '<BAD>']","['死亡', '死亡', '人', '家', '人', '有關', '人', '說', '道歉']",0.0
2020-03-14/004354-004680,"['別人', '頭髮', '躲藏', '聽從', '同等', '發訊息', '曬太陽', '抽', '果', '不知道', '病人', '園', '對', '對', '仁', '外賣', '訪問', '訪問', '壞心腸', '出任', '貨送到']","['說', '有否', '機會', '傳染', '真', '困難', '說', '入院', '全部', '控告', '呼吸道', '感染', '情況', '看', '沒', '發燒', '沒', '<BAD>', '<BAD>', '<BAD>', '<BAD>']",0.0
2020-03-14/005985-006209,"['泰國', '衣服', '推車', '委員會', '委員會', '提', '江', '管制', '拜', '送上', '播出', '許願', '資金周轉', '資金周轉', '恐嚇', '火車', '人流', '<BAD>', '<BAD>']","['海', '關', '賣', '賣', '發現', '四', '口罩', '菌', '超', '要求', '拘捕', '四', '藥', '房', '負責人', '說', '全部', '用', '不能']",0.0
2020-03-14/011505-011657,"['人民', '巴', '天晴', '炎熱', '炎熱', '男', '男', '<BAD>', '<BAD>', '<BAD>', '<BAD>', '<BAD>', '<BAD>', '<BAD>']","['政府', '說', '有', '關', '各地', '各地', '各地', '情況', '會', '看', '如何', '變', '方法', '會']",0.0
2020-03-14/018136-018254,"['得', '那', '青年', '青年', '吐口水', '社會', '用棒子在鼻子攪拌', '旅遊車', '駛去', '<BAD>', '<BAD>', '<BAD>', '<BAD>', '<BAD>', '<BAD>']","['三', '月', '變', '暖', '多', '各區', '各區', '各區', '花', '花', '花', '等', '恢復', '看', '花']",0.0
2020-03-16/018916-019187,"['滙豐', '國際', '利息', '常', '持續', '持續', '蝴蝶', '沒事', '寬鬆', '事務', '系統', '跌', '視像', '恆生', '亞', '亞', '<BAD>', '<BAD>', '<BAD>', '<BAD>', '<BAD>', '<BAD>', '<BAD>', '<BAD>']","['政府', '快', '下', '星期', '二', '命令', '第', '二', '飛機', '到', '湖北', '香港', '幹涉', '接收', '接收', '武漢', '武漢', '城巿', '全部', '計算', '計算', '七', '百', '幾']",0.0
2020-03-18/007269-007403,"['教', '商場', '各自飛到', '各自飛到', '多輛車輛行駛到達', '領事', '領事', '<BAD>', '<BAD>', '<BAD>']","['給', '能', '檢測', '化驗', '樣本樽', '給', '給', '給', '人人', '能']",0.0
2020-03-18/019017-019295,"['實驗', '鄭', '集會', '聽', '成立', '立刻', '成立', '全個範圍', '組織', '沙', '間隔', '<BAD>', '<BAD>', '<BAD>', '<BAD>', '<BAD>', '<BAD>', '<BAD>', '<BAD>', '<BAD>', '<BAD>', '<BAD>', '<BAD>']","['美國', '推卸', '責任', '代', '減', '輕', '美國', '內', '病', '不', '外', '交', '部', '發表', '說', '提醒', '美國', '要', '變', '防', '工作', '處理', '好']",0.0
2020-03-19/000383-000581,"['教育', '評審', '小孩', '文憑', '付款', '飛機到達', '開會', '捉到人', '上學', '<BAD>', '<BAD>', '<BAD>', '<BAD>', '<BAD>', '<BAD>', '<BAD>', '<BAD>']","['再', '加', '人', '一', '六', '証實', '肺', '新型冠狀', '再', '包括', '有', '孕婦', '計算', '累計', '超', '二', '百']",0.0
2020-03-19/013822-014138,"['劉', '專注', '水車噴水', '故意', '質素', '水車噴水', '無錯', '法例', '<BAD>', '<BAD>', '<BAD>', '<BAD>', '<BAD>', '<BAD>', '<BAD>', '<BAD>', '<BAD>', '<BAD>', '<BAD>', '<BAD>', '<BAD>', '<BAD>', '<BAD>', '<BAD>', '<BAD>', '<BAD>', '<BAD>', '<BAD>', '<BAD>', '<BAD>', '<BAD>']","['計算', '全部', '二', '千', '六', '百', '死亡', '一', '百', '零', '四', '學校', '星期', '五', '下午', '即', '課', '停', '五', '月', '六', '月', '考試', '取消', '取消', '會', '包括', '中學', '公開', '這', '考試']",0.0
2020-03-20/018040-018164,"['長大', '丟棄', '感覺', '很難', '打擊', '打擊', '以膝蓋壓頸', '這個人', '<BAD>', '<BAD>', '<BAD>', '<BAD>']","['香港', '股票', '反', '上升', '一', '千', '一', '星期', '跌', '半', '一', '樣']",0.0
2020-03-23/002381-002473,"['晴天', '晴天', '晴天', '超越', '太陽照射', '清涼', '<BAD>', '<BAD>', '<BAD>']","['政府', '權', '林', '月', '說', '要', '真', '限制', '限制']",0.0
2020-03-23/008811-008948,"['人民銀行', '數量', '各位', '釋放', '機器', '嚴', '監獄', '塞車', '<BAD>']","['要', '想', '問', '大家', '善良', '心', '能', '看', '努力']",0.0
2020-03-23/020664-020843,"['民主黨', '亞', '套用', '審判', '剛剛', '曼哈頓', '非法', '單日', '遊行', '突破', '打人', '<BAD>', '<BAD>', '<BAD>']","['第', '一', '關', '違反', '命令', '家', '留', '提訊', '被告', '假', '地址', '禁止', '釋放', '暫時']",0.0
2020-03-23/027254-027333,"['橫額', '張口', '花', '舞臺', '打鼔', '<BAD>', '<BAD>', '<BAD>', '<BAD>']","['要求', '全部', '美國', '入境', '先', '要', '自', '隔離', '留']",0.0
2020-03-24/021473-021661,"['白色', '富有', '藉口', '教育', '機器', '合符', '改過', '機器', '福', '逛街', '免費', '建立', '原本', '解決', '<BAD>']","['香港', '有權力的人', '林', '月', '行政', '以前', '會議', '以前', '說', '名字', '張', '法', '主', '他', '厲害']",0.0
2020-03-25/009415-009508,"['焦點', '新型冠狀', '情形', '表達']","['政府', '努力', '管理', '情況']",0.0
2020-03-25/009807-010134,"['所謂', '圖書館', '書', '來電', '忽然', '首長', '表格', '兩種不同規則', '閉幕', '老闆', '有關聯', '何文田', '場', '場', '廿幾', '<BAD>', '<BAD>', '<BAD>', '<BAD>', '<BAD>', '<BAD>', '<BAD>', '<BAD>', '<BAD>', '<BAD>', '<BAD>', '<BAD>', '<BAD>', '<BAD>', '<BAD>', '<BAD>', '<BAD>']","['政府', '電腦', '各種', '活動', '管理', '但是', '工作', '飛機', '人', '多', '人', '回來', '上', '星期', '回來', '人', '每天', '減少', '昨天', '三', '千', '過程', '第', '三', '藍', '牙', '手帶', '代替', '最近', '手帶', '管理', '手帶']",0.0
2020-03-25/016215-016365,"['等待', '稅', '基本', '批評', '外來', '蓋印', '單據', '單據', '叻', '網上', '佐敦', '<BAD>', '<BAD>']","['政府', '繼續', '考慮', '給', '飛機', '接收', '五', '百', '湖', '北', '人', '回來', '香港']",0.0
2020-03-25/017149-017350,"['南韓', '衫', '層', '上網', '飛機飛到', '代替', '暴力', '何', '福', '福', '福', '明後', '原本', '丁', '<BAD>', '<BAD>', '<BAD>', '<BAD>', '<BAD>', '<BAD>', '<BAD>', '<BAD>', '<BAD>', '<BAD>', '<BAD>']","['政府', '繼續', '兩', '天', '真', '級', '四', '飛機', '飛機', '飛去', '湖', '北', '接收', '五', '百', '坐', '香港', '人', '四', '分', '一', '歲', '十', '六', '以下']",0.0
2020-03-26/026801-026947,"['站立', '旅客入境', '加油', '立刻', '環境', '是', '貴', '抑制', '付出', '侍應']","['方便', '時間', '節省', '能', '事實', '排隊', '沒', '清理', '工作', '很好']",0.0
2020-03-27/012169-012322,"['從鼻子噴出來', '從口中噴出來', '股票', '吸入', '不知道', '籌', '轉移', '直至', '我現在增加', '<BAD>', '<BAD>', '<BAD>']","['任何', '人', '想', '好', '工作', '仍然', '我們', '聆聽', '建議', '視乎', '知道', '情況']",0.0
2020-03-27/025501-025801,"['富豪', '楊', 'E', '明瞭', '駛去', '紙', 'G', '觀塘', '問', '亞洲', '額探', '屬下', '亞洲', '獲利', '出席', '口探', '房', '房', '房', '這兒', '空']","['廣東', '加強', '出入', '防', '澳門', '人', '湧到', '通宵', '湧到', '想', '新', '計劃', '<MUMBLE>', '以前', '快', '到', '珠海', '駐', '澳門', '記者', '請看']",0.0
2020-03-27/032143-032493,"['昨天', '富有', '旅遊車', '特', '租', '安', '順序', '喝茶', '臺', '鑽石', '冠冕', '出去', '擲', '擲', '冠冕', '鑽石', '擲', '擲', '將', '無稽', '越多', '<BAD>', '<BAD>', '<BAD>', '<BAD>', '<BAD>', '<BAD>', '<BAD>', '<BAD>', '<BAD>']","['明早', '轉', '<MUMBLE>', '東', '北', '至', '東', '北', '未來', '會', '下雨', '一', '日', '兩', '日', '濕', '霧', '早上', '會', '溫暖', '現在', '氣溫', '二', '十', '五', '濕度', '八', '十', '八', '百份比']",0.0
2020-03-28/011617-011769,"['東湧', '跪頸', '界入', '詳細', '試行', '急忙', '落敗', '青春', '探', '語言', '看症', '<BAD>']","['規矩', '內', '目的', '甚麼', '希望', '想', '人', '聚集', '禁止', '<BAD>', '防', '傳染']",0.0
2020-03-28/016819-016930,"['全球', '餘下', '雲多', '奧地利', '短', '手帶', '遊覽', '臺前', '不方便', '不方便', '<BAD>']","['美國', '冠狀', '肺', '炎', '加', '加', '加', '一', '萬', '九', '千']",0.0
2020-03-29/000480-000628,"['泰國', '主播', '葵涌', '報', '這層', '小時', '葵涌', '光', '見', '裁判', '大九', '自已', '<BAD>', '<BAD>']","['屋', '政府', '說', '不知道', '哪裡', '來', '發現', '不能', '加', '遲', '區域', '看到', '有', '傳播']",0.0
2020-03-29/008135-008325,"['整個身體', '煽惑', '沖擊', '扮', '檢討', '線', '線', '線', '被擲', '資源', '新年', '混亂', '試', '拿不到', '謀殺', '<BAD>', '<BAD>', '<BAD>']","['政府', '今日', '開始', '禁止', '<BAD>', '超', '四', '人', '<BAD>', '外', '聚集', '多', '區域', '繼續', '有', '多', '員工', '聚集']",0.0
2020-03-29/023060-023225,"['轉換', '灣', '層', '灣', '莫', '運貨', '配合', '配合', '照樣', '炮彈', '<BAD>', '<BAD>', '<BAD>', '<BAD>', '<BAD>', '<BAD>', '<BAD>']","['財政', '負責', '名字', 'C', '波', '說', '<X>', '兩', '天', '後', '<X>', '生意', '賺', '數', '看', '下降', '繼續']",0.0
2020-03-30/012368-012451,"['士兵', '預測', '預測', '分開', '分開', '分開', '<BAD>']","['真', '專注', '甚麼', '外', '進來', '病', '加']",0.0
2020-03-31/000843-001061,"['櫃臺', '煽惑', '全身防護裝備', '火藥', '隊伍', '彈殼', '理解', '國際', '由英國帶到香港', '駐港總', '層次', '領使館', '騎馬', '<BAD>', '<BAD>', '<BAD>', '<BAD>', '<BAD>', '<BAD>', '<BAD>', '<BAD>']","['政府', '說', '肺', '<X>', '其他', '感染', '肺', '康復', '有時', '進步', '搬遷', '另', '一', '個', '檢測', '中', '心', '給', '房間', '專門', '派']",0.0
2020-04-01/029605-029875,"['行程', '霸佔', '霸佔', '家人', '家人', '港幣', '私人', '有時', '望', '<BAD>', '<BAD>', '<BAD>', '<BAD>', '<BAD>', '<BAD>', '<BAD>', '<BAD>', '<BAD>', '<BAD>', '<BAD>', '<BAD>', '<BAD>']","['內地', '現在', '自', '內地', '內', '肺', '防', '區域', '其他', '這', '這', '這', '嚴', '重', '或者', '這', '國', '給', '支持', '幫', '幫', '幫']",0.0
2020-04-02/000716-000896,"['明', '中大', '開門', '受不', '各種不同', '留低', '教授', '大使館', '很緊的限制', '其中', '當做', '旅遊巴來去', '團', '<BAD>', '<BAD>', '<BAD>']","['議員', '覺得', '這', '美容', '屋', '內', '有', '傳染', '危險', '這', '經濟', '停', '但是', '組', '他們', '反對']",0.0
2020-04-02/027353-027601,"['洗衣', '要不要', '要不要', '集會', '看出', '店鋪', '起名', '飛濺', '集會', '集會', '不健康', '稱為', '不健康', '工人', '打人', '永', '永', '射槍', '<BAD>', '<BAD>', '<BAD>', '<BAD>', '<BAD>', '<BAD>', '<BAD>', '<BAD>']","['証實', '肺', '全世界', '人', '計算', '計算', '超', '九', '三', '萬', '四', '萬', '七', '千', '死亡', '肺', '最', '嚴重', '美國', '一', '日', '加', '二', '萬', '六', '千']",0.0
2020-04-05/023287-023522,"['龍蝦', '波', '花了', '信用咭', '混合', '培訓', '老闆', '傳播', '做', '老闆', '不理會', '生活', '生活', '一定', '<BAD>', '<BAD>', '<BAD>', '<BAD>', '<BAD>', '<BAD>']","['政府', '財政司司長', '名字', '波', '說', '未來', '六', '個', '月', '經濟', '不好', '<BAD>', '進步', '不能', '公司', '或者', '個人', '自', '準備', '要']",0.0
2020-04-06/009843-009942,"['準確', '出', '言語', '拖累', '罪', '股票指數', '救護車']","['現在', '有', '擔心', '繼續', '分析', '<MUMBLE>', '要']",0.0
2020-04-06/012790-013102,"['酒吧', '富有', '首都', '違反', '中午', '發訊息', '違反', '聚集', '哪裏', '牛', '彎', '彩虹', '壞心腸', '壞心腸', '<BAD>', '<BAD>', '<BAD>', '<BAD>', '<BAD>', '<BAD>', '<BAD>', '<BAD>', '<BAD>', '<BAD>', '<BAD>', '<BAD>', '<BAD>', '<BAD>', '<BAD>', '<BAD>', '<BAD>']","['政府', '三', '月', '二', '十', '九', '日', '開始', '限制', '聚集', '<X>', '四', '人', '限制', '以前', '聚集', '禁止', '屋', '提醒', '張貼', '<X>', '四', '人', '超', '不能', '聚集', '有', '街', '人', '不滿', '荒謬']",0.0
2020-04-06/020629-020794,"['筲箕灣', '交流', '湖', '上網', '父', '項目', '提示', '刀', '刺', '臉', '<BAD>']","['', '病', '肺炎', '情況', '延後', '有關', '抽', '居屋', '網上', '說', '直播']",0.0
2020-04-06/031703-031868,"['天氣', '建', '莫斯科', '紅場', '賭場', '建', '美容', '明', '小朋友', '送貨', '<BAD>', '<BAD>', '<BAD>', '<BAD>', '<BAD>', '<BAD>', '<BAD>', '<BAD>']","['最後', '看', '天氣', '雲', '多', '<X>', '有時', '大雨', '今', '晚上', '明天', '早上', '清涼', '最', '低', '溫度', '十', '六']",0.0
2020-04-07/016698-016786,"['當中', '車行駛', '人造', '逃跑', '控', '<BAD>', '<BAD>']","['新聞', '時間', '繼續', '關於', '香港', '情況', '經濟']",0.0
2020-04-10/018229-018525,"['新加玻', '看到', '看到', '看到', '看到', '購買或', '牠', '槌', '棍', '棍', '轉機', '很多牀排成', '哪裏', '排', '很多張牀緊貼着', '開如', '閒置', '粗暴', '外出', '牌', '巴士來', '巴士來', '巴士來', '介', '<BAD>', '<BAD>']","['這', '威', '權', '屋', '這', '<BAD>', '千', '足球', '場地', '變', '暫時', '醫', '屋', '給', '給', '牀', '牀', '二', '千', '星期日', '開始', '接收', '某些', '醫療', '管理', '要']",0.0
2020-04-10/032087-032317,"['大埔', '分享', '聽到', '學', '亞洲', 'T', '聽到', '聽到', '聽到', '聽到', '飛', '飛', '飛', '噴射', '救', '飛', '<BAD>', '<BAD>', '<BAD>', '<BAD>', '<BAD>', '<BAD>', '<BAD>', '<BAD>']","['雷暴', '地區', '有時', '地方', '看', '看不到', '溫度', '一', '九', '二', '五', '下', '星期', '六', '星期日', '星期', '一', '星期', '二', '陽光', '乾', '早', '晚', '涼']",0.0
2020-04-11/023008-023347,"['講大話', '修改', '下屬', '藥', '審', '茶葉', '示範', '印刷', '葉', '非常', '上午', '新界', '隱瞞', '展示', '結果', '電腦', '最近', '自動', '未', '呼吸', '革命', '革命', '<BAD>', '<BAD>', '<BAD>', '<BAD>', '<BAD>', '<BAD>', '<BAD>', '<BAD>']","['這些', '網上', '名字', '容易', '變', '或者', '取消', '看不到', '找', '找', '找不到', '想', '記錄', '這', '有', '這', '用', '號碼', '這', '獨立', '一', '個', '一', '個', '一', '個', '如果', '研究', '多', '容易']",0.0
2020-04-11/031618-031958,"['酒店', '草案', '奇妙', '畫', '很好', '態度', '態度', '駿洋邨', '很好', '水氣', '律師', '律師', '不明白', '不舒服', '過來坐', '定', '缺勤', '電視', '晚上', '晚上', '<BAD>', '<BAD>', '<BAD>', '<BAD>']","['天氣', '情況', '雲', '多', '風', '輕', '東', '南', '晚', '北', '風', '加', '有時', '雨', '區域', '地方', '打雷', '早', '晚', '涼', '最', '低', '十', '六']",0.0
2020-04-12/000468-000600,"['你', '撥出', '冬', '將近', '使用', '安全法律']","['真', '內', '新', '計算', '一', '數']",0.0
2020-04-12/001360-001702,"['龍蝦', '年初三', '花了', '信用咭', '多少', '不好', '入境', '租金', '收錢', '指示', '金融', '遺傳', '重', '防護', '忍', '忍', '大量', '封關', '實際', '會議', '老人', '照顧', '強拉', '愛', '<BAD>', '<BAD>', '<BAD>', '<BAD>', '<BAD>', '<BAD>', '<BAD>', '<BAD>', '<BAD>', '<BAD>']","['香港', '加', '新', '四', '新冠', '肺', '炎', '三', '月', '中', '全部', '現在', '第', '一', '次', '一', '位', '計算', '計算', '一', '零', '零', '四', '病', '病', '計算', '計算', '下降', '有', '代表', '病', '控制', '能', '不']",0.0
2020-04-13/015314-015412,"['大家好', '請看這', '弊', '緩解', '醫治', '<BAD>', '<BAD>', '<BAD>']","['但是', '代表', '能', '殺', '裡面', '細菌', '不', '']",0.0
2020-04-13/017393-017696,"['柴灣', '報道', '偏', '蝙蝠', '專門', '命名她', '蝙蝠', '委員會', '俠', '預訂', '放假', '籃球場', '落', '加拿大', '纜車', '職員', '表', '表', '表', '<BAD>', '<BAD>', '<BAD>', '<BAD>', '<BAD>', '<BAD>', '<BAD>', '<BAD>', '<BAD>', '<BAD>', '<BAD>', '<BAD>']","['香港', '買', '買', '負責', '說', '現在', '內地', '運貨', '活', '豬', '下降', '<MUMBLE>', '成交', '賣', '<MUMBLE>', '錢', '高', '貴', '<MUMBLE>', '要', '求', '政府', '談', '內地', '<MUMBLE>', '計劃', '<MUMBLE>', '如何', '清走', '消除', '']",0.0
2020-04-13/031194-031276,"['免卻', '家庭', '輛', '緊張', '罪', '<BAD>', '<BAD>', '<BAD>', '<BAD>', '<BAD>', '<BAD>']","['沙', '這', '三', '四', '分鐘', '時間', '巴', '二', '至', '零', '']",0.0
2020-04-15/010124-010478,"['迪士尼', '母親', '公園', '張貼', '離開家', '駐', '一直到現在', '酒樓', '分派飲料', '太古', '不聽', '其他', '某些人', '送到', '誇張', '誇張', '像', '神', '某些人', '貿易', '像', '幫', '轉', '<BAD>', '<BAD>', '<BAD>', '<BAD>', '<BAD>', '<BAD>', '<BAD>', '<BAD>', '<BAD>', '<BAD>', '<BAD>', '<BAD>', '<BAD>', '<BAD>', '<BAD>', '<BAD>', '<BAD>', '<BAD>', '<BAD>']","['今', '全部', '國', '安全', '教育', '節日', '香港', '規則', '<MUMBLE>', '上', '網', '放', '放', '多', '影片', '影片', '裡面', '有', '中', '聯合', '主要', '有權利的人', '名字', 'J', '說', '香港', '歸還', '內地', '年', '年', '二', '三', '至今為止', '現在', '國', '安全', '有', '弱', '感覺', '保護', '國', '安全']",0.0
2020-04-15/012338-012517,"['佔', '黎智英', '狹窄', '跑步', '封關', '李柱銘', '協助', '底', '時間過去', '語言', '散', '機場', '體', '<BAD>', '<BAD>']","['違法', '違法', '行為', '如果', '開始', '停', '管理', '不能', '可能', '提升', '危險', '損害', '國', '安全', '']",0.0
2020-04-15/015467-015804,"['將軍澳', '人權', '示範', '人來', '罪', '隊', '原來', '口', '昨天', '太古', '太古', '綠', '柴灣', '保留', '保留', '隊', '隊', '<BAD>', '<BAD>', '<BAD>', '<BAD>', '<BAD>', '<BAD>', '<BAD>', '<BAD>', '<BAD>']","['如果', '和平', '方法', '沒用', '這', '命名', '<BAD>', '變', '暴力', '代表', '正確', '真', '<BAD>', '代表', '他們', '行為', '不理', '法', '規則', '香港', '推', '暴力', '影響', '違法', '代表', '違法']",0.0
2020-04-15/016778-016931,"['長大', '海面', '有浪', '角', '幹涉', '控告', '螺旋轉', '天文臺', '成功或失敗', '<BAD>']","['感覺', '<MUMBLE>', '犧牲', '責任', '<BAD>', '最', '嚴重', '誰', '內地', '的']",0.0
2020-04-15/019089-019353,"['教育', '衣服', '籐', '底', '港', '紙', '被派來', '球', '承諾', '社區', '派發', '派發', '派發', '直接', '電', '命', '隠定', '宿舍', '<BAD>', '<BAD>', '<BAD>', '<BAD>', '<BAD>', '<BAD>', '<BAD>', '<BAD>', '<BAD>', '<BAD>', '<BAD>']","['控告', '要', '求', '延後', '再次', '裁判', '有', '控告', '看', '差不多', '情況', '再次', '懲罰', '懲罰', '懲罰', '法官', '感覺', '這', '真', '決定', '一', '月', '最後', '決定', '<MUMBLE>', '延後', '<X>', '不公平', '']",0.0
2020-04-15/020631-020937,"['意大利', '智慧', '切割', '切割', '切割', '煮食', '小學', '個人防護衣', '小學', '肉', '國務院', '詞', '令人', '恐怕', '<BAD>', '<BAD>', '<BAD>', '<BAD>', '<BAD>', '<BAD>', '<BAD>', '<BAD>', '<BAD>', '<BAD>', '<BAD>', '<BAD>', '<BAD>', '<BAD>', '<BAD>', '<BAD>', '<BAD>']","['英', '冠', '高級', '說', '這', '能', '限制', '<MUMBLE>', '退出', '不能', '變成', '接受', '減少', '工資', '留下', '仍然', '隊伍', '如果', '不', '隊伍', '變成', '<BAD>', '人', '走', '走', '走', '現在', '仍然', '思考', '計劃', '']",0.03225806451612903
2020-04-16/000952-001094,"['英格蘭', '平安', '盃', '攤位', '多輛車輛行駛到達', '星星', '諮詢', '基金', '我現在增加', '<BAD>', '<BAD>', '<BAD>']","['日本', '政府', '新聞', '開始', '加', '著急', '區域', '地方', '加', '全部', '日本', '']",0.0
2020-04-16/030778-031026,"['經常', '費用', '重', '角', '付出', '利', '收益', '錢獲得', '展示', '條規', '分段', '分段', '盡力', '你', '幼兒', '幹預我', '脫下', '捧盃', '捧盃', '<BAD>', '<BAD>', '<BAD>', '<BAD>', '<BAD>', '<BAD>']","['足球', '有權利的人', '會', '開始', '開始', '董', '事', '會', '<MUMBLE>', '決定', '準備', '八', '月', '中', '再次', '開始', '開始', '下次', '準備', '十', '一', '<MUMBLE>', '開始', '會', '']",0.0
2020-04-17/018431-018620,"['何', '陳', '讓給', '鸚鵡', '告示', '工', '印度', '印度', '印度', '很多人入場', '很多人入場', '火', '火', '火', '<BAD>', '<BAD>', '<BAD>', '<BAD>', '<BAD>', '<BAD>']","['美國', '新', '加', '超', '三', '萬', '証實', '病', '有', '特朗普', '說', '分開', '分開', '分開', '時間', '<MUMBLE>', '經濟', '再次', '<MUMBLE>', '開始']",0.0
2020-04-18/011599-011766,"['無所謂', '勇', '狹窄', '塞爾維亞', '蘇聯', '時代', '共和國', '<BAD>', '<BAD>', '<BAD>', '<BAD>', '<BAD>', '<BAD>']","['政府', '權力', '林鄭月娥', '歡迎', '全部', '批准', '錢', '能', '部分', '計劃', '開始', '接受', '申請']",0.0
2020-04-19/001015-001234,"['黑', '理', '特', '學', '阿肯色州', '抓', '抓', '準許', '保鑣跟隨', '弟弟', '弟弟', '數次', '進駐', '跪', '簽', '永', '永']","['病毒', '研究', '專家', '負責', '說', '新冠肺炎', '事實', '研究', '製造', '不', '感覺', '人類', '智慧', '製造', '不可能', '<BAD>', '<BAD>']",0.0
2020-04-19/007362-007587,"['利用', '聯', '集體', '送', '考試', '容易', '兵', '出入', '恐怖', '出入', '凍', '肉', '賄賂', '亞', '亞']","['估計', '下年', '<BAD>', '下年', '中', '後', '新冠肺炎', '可能', '疫苗', '短', '時間', '口罩', '要', '<BAD>', '<BAD>']",0.0
2020-04-19/011578-011696,"['稱為', '明日', '艱苦', '祕密', '英雄', '明白', '提示', '召']","['建議', '政府', '工作', '負責', '加強', '學習', '基本法', '<BAD>']",0.0
2020-04-19/030679-030764,"['最多', '起牀', '旅團', '不習慣', '<BAD>', '<BAD>']","['電視', '直播', '六', '小時', '網上', '唱歌']",0.0
2020-04-20/031205-031446,"['職', '多人離開', '倒塌', '小', '粒', '老婆', '擺街', '擺街', '擺街', '送醫', '很多燈亮起', '領使館', '火炭', '爭吵', '小路', '<BAD>', '<BAD>', '<BAD>', '<BAD>']","['名字', '足球', '傑志', '名字', '<X>', '確定', '上', '星期', '六', '檢測', '病毒', '醫院', '批准', '返回', '家', '休息', '分開', '坐', '不要']",0.0
2020-04-20/032185-032406,"['天氣', '入院', '雲', '雲', '漸變多', '晚', '水塘', '衣服', '戴', '號碼', '拜仁', '號碼', '普', '飯盒', '列入名冊', '旗降下', '開放', '直升機到場', '<BAD>', '<BAD>', '<BAD>', '<BAD>', '<BAD>', '<BAD>']","['雲', '加', '明日', '間中', '地區', '有', '雨', '早上', '海', '附近', '霧', '<X>', '早', '午', '有', '太陽', '溫度', '二', '十', '四', '至', '二', '十', '八']",0.0
2020-04-21/005636-005836,"['紫', '衫', '晚', '晚', '緩和', '全', '籃球', '籃球', '著名', '兩至', '拜仁', '戰爭', '著名', '參加', '列入名冊', '<BAD>', '<BAD>', '<BAD>', '<BAD>', '<BAD>']","['名字', '報導', '香港', '加', '冠狀', '肺炎', '加', '有', '四', '<BAD>', '四', '外', '回來', '傳染', '全部', '數目', '一', '零', '二', '九']",0.0
2020-04-21/015579-015752,"['她', '不好意思', '雲', '勁', '凌晨', '煽動', '投資', '管制', '上學', '霧', '北海', '陰性', '<BAD>', '<BAD>']","['入境', '屋', '權力', '名字', '曾', '晚上', '入境處', '離開', '時', '<X>', '準備', '出任', '回答', '沒']",0.0
2020-04-22/021572-021678,"['用力轉彎', '青年', '膠', '最新', '被噴射', '左右', '電臺', '<BAD>', '<BAD>', '<BAD>', '<BAD>']","['希望', '多', '人', '能', '回去', '能', '給', '另', '人', '來', '來']",0.0
2020-04-22/032469-032545,"['溫度', '溫度', '情形', '濕', '濕', '濕', '百份比']","['現在', '氣溫', '二', '十', '濕度', '九', '四']",0.0
2020-04-23/011383-011626,"['香港國安法', '印度', '導致', '目的', '風', '我們', '我們', '管', '團', '婆婆', '嫲嫲', '島', '孫子', '戴上', '先', '<BAD>', '<BAD>', '<BAD>', '<BAD>', '<BAD>']","['名字', '入', '年', '<BAD>', '政府', '入', '十', '二', '', '不同', '人', '接觸', '有', '以前', '撥款', '加', '減', '<X>', '看', '情況']",0.0
2020-04-23/015563-015751,"['泰國', '答', '答', '奇', '奇', '奇', '司機', '通', '司機', '<BAD>', '<BAD>', '<BAD>', '<BAD>', '<BAD>', '<BAD>', '<BAD>']","['現在', '肺', '情況', '多', '老', '服務', '停', '組織', '關注', '留意', '<X>', '社署', '部分', '服務', '恢復', '要']",0.0
2020-04-23/016501-016584,"['經營', '角', '旅團', '領事', '派發']","['新聞', '時間', '關於', '新聞', '經濟']",0.0
2020-04-23/018139-018450,"['康', '屯', '唱歌', '信用咭', '嚴厲', '北斗衛星', '按照', '北斗', '塔爾薩市', '號', '指', '加價', '大使', '教育', '抽出', '環繞', '抽出', '像', '<BAD>', '<BAD>', '<BAD>', '<BAD>', '<BAD>', '<BAD>', '<BAD>', '<BAD>', '<BAD>', '<BAD>', '<BAD>', '<BAD>', '<BAD>', '<BAD>']","['一', '月', '底', '全部', '學', '幼兒', '中', '心', '<X>', '老', '<X>', '<X>', '保障', '中', '心', '全部', '服務', '暫停', '三', '月', '頭', '政府', '部分', '恢復', '恢復', '服務', '<X>', '<X>', '中', '心', '關門', '仍然']",0.0
2020-04-24/031406-031634,"['馬來西亞', '吹', '雨', '雨', '破例容許', '承認', '旅行社', '事實', '怪罪', '怪罪', '黑色', '霧', '晩上', '<BAD>', '<BAD>', '<BAD>', '<BAD>', '<BAD>', '<BAD>', '<BAD>', '<BAD>', '<BAD>', '<BAD>']","['天氣', '<X>', '雲', '多', '間中', '下雨', '今', '晚上', '明天', '早上', '清涼', '會', '最', '低', '十', '八', '', '早上', '高', '氣溫', '二', '十', '二']",0.0
2020-04-26/004422-004772,"['教育', '會眾', '防守', '夏威夷', '烈風旋轉', '屯門', '蝴蝶', '爭議', '寫', '寫', '暫停', '公開', '暫停', '表情', '隔絕', '各地', '有些人', '有些人', '寫', '派遣', '寫', '地鐵', '地鐵', '地鐵', '<BAD>', '<BAD>', '<BAD>', '<BAD>', '<BAD>', '<BAD>', '<BAD>', '<BAD>', '<BAD>', '<BAD>', '<BAD>', '<BAD>', '<BAD>', '<BAD>']","['臺灣', '北', '政府', '說', '這', '唱歌', 'O', 'K', '林', '<MUMBLE>', '真', '三', '月', '最後', '真', '消防', '檢測', '安全', '完成', '完', '申請', '維修', '未', '開始', '批准', '這', '開始', '安排', '真', '文', '說', '暫停', '工作', '要', '現在', '檢測', '要', '']",0.0
2020-04-27/014635-014803,"['文', '文', '文', '文', '文', '火', '傷殘', '設備', '<BAD>', '<BAD>', '<BAD>', '<BAD>', '<BAD>', '<BAD>', '<BAD>', '<BAD>', '<BAD>', '<BAD>', '<BAD>']","['D', 'S', 'E', '一', '四', '個', '裡面', '重要', '知', '寬', '現在', '肺', '發炎', '影響', '一', '樣', '仍然', '考試', '']",0.0
2020-04-27/023138-023257,"['透過', '挖坑', '奬', '奬', '多人來', '掉進抗裡', '以膝蓋壓頸', '<BAD>', '<BAD>', '<BAD>']","['說', '完', '內地', '部', '部', '部', '等', '等', '各種', '']",0.0
2020-04-28/032034-032238,"['民主派', '開香檳', '現金', '會議', '會議', '適合', '會議', '祕書處', '揶揄', '很多次', '<BAD>', '<BAD>', '<BAD>', '<BAD>', '<BAD>', '<BAD>', '<BAD>']","['今', '星期', '部分', '時間', '陽光', '早上', '熱', '會', '今', '星期', '六', '星期日', '濕', '濕', '早上', '霧', '有']",0.0
2020-04-29/024667-024916,"['九龍城', '肺炎', '留在', '發現', '代表', '文', '鼓勵', '冠狀病毒', '<BAD>', '<BAD>', '<BAD>', '<BAD>', '<BAD>', '<BAD>', '<BAD>', '<BAD>']","['傳染', '中', '心', '研究', '止', '三', '月', '中', '傳染', '仍然', '低', '機會', '接觸', '禁止', '有', '用']",0.0
2020-04-30/007265-007381,"['新加玻', '上升', '草', '看到', '<BAD>', '<BAD>', '<BAD>', '<BAD>', '<BAD>']","['的士', '這', '人', '排隊', '等', '車', '等', '來', '來']",0.0
2020-05-01/019040-019240,"['N', '新聞', '推車', '遠處', '麥', '絲', '麗', '火', '葉', '鼓吹', '穿著', '穿著', '穿著', '<BAD>', '<BAD>', '<BAD>', '<BAD>', '<BAD>', '<BAD>', '<BAD>']","['五', '月', '一', '期間', '一', '星期', '北京', '舊', '屋', '多', '開', '開', '限制', '人', '入', '參觀', '真', '人', '限制', '有']",0.0
2020-05-01/019785-019878,"['西班牙', '對方', '<BAD>', '<BAD>', '<BAD>', '<BAD>', '<BAD>', '<BAD>', '<BAD>']","['繼續', '新聞', '時間', '關於', '看', '沙田', '真', '情況', '看']",0.0
2020-05-01/021999-022177,"['她', '聘用', '銀行', '清明', '培訓', '對於', '方便', '收起', '上學', '湧去', '賣票', '那地區', '<BAD>', '<BAD>', '<BAD>', '<BAD>']","['今', '警察', '即', '開咪', '說', '說', '說', '甚麼', '全部', '今', '人', '散開', '散開', '散開', '散開', '要']",0.0
2020-05-02/021014-021100,"['銅鑼灣', '昨天', '噴射', '罰我', '簽約', '習慣', '雨傘', '雨傘']","['影響', '我', '觀察', '控制', '能', '估', '<BAD>', '<BAD>']",0.0
2020-05-02/022283-022525,"['支聯會', '周', '走', '位', '帆船', '代替', '年輕', '指派', '<BAD>', '<BAD>', '<BAD>', '<BAD>', '<BAD>', '<BAD>', '<BAD>', '<BAD>', '<BAD>', '<BAD>', '<BAD>', '<BAD>', '<BAD>', '<BAD>']","['但是', '真', '全部', '政府', '錢', '用', '我', '會', '不', '浪費', '不', '真', '香港', '今', '<MUMBLE>', '負', '借', '超', '三', '百', '八', '十']",0.0
2020-05-02/023816-023963,"['説', '韓', '例如', '曬', '示威', '示威', '代替', '代替', '堅固', '許', '思', '緊張']","['病', '病', '肺', '炎', '比較', '嚴重', '可能', '要', '吸入', '氧氣', '<BAD>', '<BAD>']",0.0
2020-05-02/025320-025594,"['梁', '病毒', '兆', '拖累', '事情', '電視', '散播', '散播', '大廈', '互動', '拘捕', '勝', '消滅', '人類', '智慧', '忍', '忍', '<BAD>', '<BAD>', '<BAD>', '<BAD>', '<BAD>', '<BAD>', '<BAD>', '<BAD>', '<BAD>', '<BAD>', '<BAD>']","['防', '防', '平衡', '有', '另', '條件', '包括', '歲', '一', '八', '至', '五', '五', '男', '重', '要', '六', '五', 'K', 'G', '以上', '長', '病', '沒', '通過', '血', '捐', '能']",0.0
2020-05-02/025902-026177,"['不關事', '評估', '老人家', '電視', '救援', '簽証', '有否', '警', '警', '指示', '警', '莫斯科', '球迷', '問答', '工', '下降', '聚合', '首都', '<BAD>', '<BAD>', '<BAD>', '<BAD>', '<BAD>', '<BAD>', '<BAD>', '<BAD>', '<BAD>', '<BAD>', '<BAD>', '<BAD>']","['一', '一', '零', '萬', '人', '超', '証實', '肺', '炎', '美國', '這', '批准', '名字', '名字', '德', '給', '幫', '醫治', '某些', '新型冠狀', '肺', '炎', '病', '病', '人', '專', '擔心', '影響', '身體', '會']",0.0
2020-05-03/007801-007938,"['時光飛逝', '富有', '哈', '土', '基', '抽', '股票指數', '<BAD>', '<BAD>', '<BAD>', '<BAD>', '<BAD>', '<BAD>', '<BAD>', '<BAD>', '<BAD>', '<BAD>']","['沙灘', '這', '多', '帳篷', '帳篷', '一', '點', '五', '米', '隔開', '沒', '有', '部分', '超', '四', '人', '聚集']",0.0
2020-05-03/013316-013608,"['最新', '食肆', '失去', '副', '副', '立法會', '立法會', '十字架', '蔓延', '發炎', '勁多', '相反', '起移動', '程度', '起火', '金融', '海嘯', '準時', '<BAD>', '<BAD>', '<BAD>', '<BAD>', '<BAD>', '<BAD>', '<BAD>', '<BAD>', '<BAD>', '<BAD>', '<BAD>']","['印度', '新冠', '肺', '炎', '控制', '不能', '二', '千', '六', '百', '人', '傳染', '感染', '肺', '炎', '真', '現在', '新', '高', '即', '變', '穩定', '南韓', '星期', '三', '開始', '經濟', '恢復', '活動']",0.0
2020-05-04/001025-001282,"['人民', '臺', '臺', '文憑', '咳', '飛機到達', '蝴蝶', '有權利的人', '從口噴出', '財經', '操作', '有蓋瓶子', '加價', '下屬', '黃', '組織', '指', '指', '鼓勵全部', '<BAD>', '<BAD>', '<BAD>', '<BAD>']","['外', '股票', '指數', '經濟', '基金', '全部', '計算', '計算', '內', '真', '損失', '勁', '金', '管', '屋', '說', '真', '給', '樓', '樓', '減', '計劃', '沒']",0.0
2020-05-04/001342-001456,"['喪禮', '等待', '有沒有', '放下棺材', '票站', '<BAD>', '<BAD>', '<BAD>', '<BAD>', '<BAD>', '<BAD>']","['現在', '準備', '請看', '香港', '今', '加', '一', '新冠', '肺', '炎', '入']",0.0
2020-05-04/008657-008760,"['不管', '誰', '夏', '曾經', '麵', 'P', '<BAD>', '<BAD>', '<BAD>', '<BAD>', '<BAD>']","['香港', '今', '有', '關', '新', '一', '新冠', '肺', '炎', '美國', '返']",0.0
2020-05-04/011013-011221,"['泰國', '馬', '馬', '火藥', '多數', '職員', '被邀請', '護士', '護士', '駐港總', '召喚', '首先', '指派', '多月', '解放軍', '解放軍', '<BAD>', '<BAD>', '<BAD>', '<BAD>', '<BAD>', '<BAD>']","['另', '送院', '病', '人', '過程', '會', '看', '看', '人', '手', '安排', '病', '病', '計算', '醫', '屋', '內', '防', '防', '病', '或者', '安排']",0.0
2020-05-04/013200-013410,"['無奈', '無奈', '專注', '普通', '普通', '擴散', '成立', '石', '石', '李家超', '<BAD>', '<BAD>', '<BAD>']","['三', '起名', '好像', '車', '壞', '了', '希望', '第', '二', '日期', '期間', '正面', '不']",0.0
2020-05-04/017854-017981,"['水果', '出', '缺乏', '泰', '單膝下跪', '包紮', '鎖', '<BAD>', '<BAD>', '<BAD>', '<BAD>', '<BAD>', '<BAD>']","['香港', '股票指數', '降下', '幾', '千', '點', '真', '現在', '兩', '星期', '內', '降下', '勁']",0.0
2020-05-04/025860-025940,"['各處爆發', '溫度', '調到', '嚴重', '<BAD>']","['立', '法', '會', '影響', '勁']",0.0
2020-05-04/029879-029996,"['水果', '水果', '象', '煙向上升', '無論', '包紮', '哪裡', '哪裡', '<BAD>', '<BAD>', '<BAD>']","['影片', '一', '五', '分鐘', '百', '幾', '萬', '看', '全部', '看', '<MUMBLE>']",0.0
2020-05-07/031535-031643,"['建制派', '圓形屋頂', '貪心', '財務', '間中', '共產黨', '全體團結', '<BAD>', '<BAD>', '<BAD>']","['估', '計算', '計算', '雲', '多', '熱', '最', '低', '二', '八']",0.0
2020-05-09/009913-010190,"['昨天', '勁多', '示範', '示範', '冠狀病毒', '言語', '放棄', '批淮', '年幼', '鼓吹', '全', '他們的', '南韓', '依靠', '全球', '他們的', '嚴厲', '<BAD>', '<BAD>', '<BAD>', '<BAD>', '<BAD>', '<BAD>', '<BAD>']","['真', '海洋公園', '今', '方法', '新', '恢復', '變', '立', '法', '會', '談', '有', '組', '意見', '有', '名字', '華', '知道', '全部', '看', '看', '海洋公園', '關閉', '不喜歡']",0.0
2020-05-09/019201-019377,"['詐騙', '取', '偏頗', '藉口', '完結', '指派', '家人', '據為己有', '信任', '解釋', '偷偷', '<BAD>', '<BAD>', '<BAD>', '<BAD>', '<BAD>', '<BAD>', '<BAD>', '<BAD>', '<BAD>', '<BAD>', '<BAD>']","['內', '有', '全部', '一', '千', '零', '六', '十', '貨品', '全部', '重', '三', '四', '<MUMBLE>', '全部', '四', '千', '七', '百', '五', '十', '萬']",0.0
2020-05-10/008587-008665,"['讚揚', '狡猾', '情形', '截停', '<BAD>']","['仍然', '上升', '肺', '炎', '有']",0.0
2020-05-10/023723-023887,"['荃灣', '推車', '勁', '勁', '勁', '勁', '鐘', '傳統', '永遠', '車輛', '每個', '出入', '<BAD>']","['真', '警察', '拘捕', '三', '人', '級', '一', '殺', '店鋪', '戴口罩', '要', '壓力', '大']",0.0
2020-05-10/025235-025342,"['天文臺', '餘下', '祕密', '祕密', '青年', '左右', '用棒子在鼻子攪拌', '臺前', '<BAD>']","['天氣', '情況', '雲', '多', '部分', '有', '雨', '雨', '雷']",0.0
2020-05-11/011051-011331,"['追', '主', '知', '多個區域', '為何', '深入', '分裂', '華', '華', '對', '代', '華', 'E', '罪', '華', '代', '<BAD>', '<BAD>', '<BAD>', '<BAD>', '<BAD>']","['降下', '再', '起立', '最後', '保安', '扶起', '走', '強', '真', '問', '問', '擔心', 'C', '私下', '控告', '會不會', '他', '說', '要', '再', '處理']",0.0
2020-05-12/007624-007857,"['房間', '為甚麼', '法庭', '波', '橫式', '聯絡', '鼓勵', '高鐵', '隊', '九龍', '勁多', '生計', '諗', '直通車', '恐嚇', '一起向前', '<BAD>', '<BAD>', '<BAD>', '<BAD>', '<BAD>', '<BAD>', '<BAD>', '<BAD>', '<BAD>', '<BAD>']","['勞工', '福利', '屋', '領袖', '名字', '羅', '下', '一', '星期', '準備', '詳細', '申請', '程序', '如何', '再', '看', '情況', '這', '反應', '第', '二', '申請', '內容', '這', '再', '決定']",0.0
2020-05-13/003664-003971,"['演講者', '特首', '闊', '物流', '張', '張', '張', '送出', 'D', '加拿大', '加拿大', '財務', '加拿大', '富貴', '瓶子', '飛機回來', '氣氛', '遵從', '不滿', '隨便', '懲罰', '安', '差', '差', '麵']","['兩', '大廈', '大廈', '街', '街', '全部', '店鋪', '負責', '化驗', '會', '哪裡', '地方', '傳染', '兩', '大廈', '大廈', '內', '三', '留', '估', '傳染', '不要', '<BAD>', '<BAD>', '<BAD>']",0.0
2020-05-13/011966-012046,"['地鐵', '省錢', '情形', '那些', '<BAD>', '<BAD>', '<BAD>', '<BAD>', '<BAD>']","['逛街', '警察', '一', '樣', '灣仔', '情況', '一', '樣', '類似']",0.0
2020-05-13/016799-017141,"['新西蘭', '修改', '委派', '本土', '能力', '老年人', '存', '例如', '表達', '譯員', '發貨', '部門', '健身', '切', '以上', '澳洲', '開槍', '開槍', '參考', '普通地', '昨天', '內部', '簽署', '簽署', '簽署', '簽署', '<BAD>', '<BAD>', '<BAD>', '<BAD>', '<BAD>', '<BAD>', '<BAD>', '<BAD>', '<BAD>', '<BAD>', '<BAD>', '<BAD>']","['考慮', '有', '放', '放', '限制', '限制', '包括', '下星期', '重複', '開', '商場', '買', '新', '星星', '加', '六', '七', '五', '新', '有', '關', '新冠', '肺', '炎', '關於', '甚麼', '外', '請', '宿舍', '二', '萬', '五', '千', '人', '傳染', '肺', '炎', '有']",0.0
2020-05-13/022698-022905,"['長方形', '業界', '朋友', '年紀', '達標', '會議', '她', '她', '<BAD>', '<BAD>', '<BAD>', '<BAD>']","['不能', '堅持', '催促', '催促', '過程', '處理', '地鐵', '系統', '做', '做', '跟', '沒']",0.0
2020-05-16/001534-001858,"['微軟', '會眾', '利用', '農曆', '地震', '地震', '河', '大埔', '城', '暗地裡', '指向', '指向', '三藩市', '獲利', '獲利', '獲利', '指向', '指向', '司機', '司機', '司機', '<BAD>', '<BAD>', '<BAD>', '<BAD>', '<BAD>', '<BAD>']","['各位', '準備', '請看', '上', '網', '發起', '下午', '去', '去', '去', '聚合', '將軍', 'O', '東', '港', '城', '拘捕', '拘捕', '八', '人', '非法', '聚集', '打', '警察', '幹涉', '警察', '工作']",0.0
2020-05-16/020922-021086,"['最近', '東京', '馬', '馬', '立法會', '加價', '加價', '加價', '加價', '<BAD>', '<BAD>', '<BAD>', '<BAD>']","['兩', '學生', '星期', '三', '晚上', '入', '沙', '田', '飲', '破壞', '粉', '山', '審判']",0.0
2020-05-16/029994-030122,"['沒辦法', '不好意思', '各自飛到', '故意', '聚焦', '搜尋', '蒙面']","['研究', '導彈', '厲害', '起名', '厲害', '導彈', '<BAD>']",0.0
2020-05-17/024056-024154,"['下星期', '報告', '德', '快速', '送去', '凋謝', '凋謝', '<BAD>']","['目的', '準備', '六', '月', '六', '前', '說', '會']",0.0
2020-05-17/026958-027272,"['男子', '大埔', '政治', '和', '和', '隊', '被帶去', '肺部', '天主教', '太古', '宗教', '跌', '生意', '什麼', '態度', '我的', '有些人', '視乎', '視乎', '綜合', '<BAD>', '<BAD>', '<BAD>', '<BAD>', '<BAD>', '<BAD>']","['英國', '消息', '說', '美國', '國', '防', '組', '消息', '說', '如果', '美國', '內地', '十', '年', '後', '這', '圓形', '海', '爆發', '爆發', '美國', '失敗', '防', '臺灣', '不能', '不能']",0.0
2020-05-18/006960-007057,"['葵涌', '靜默', '網相', '拖累', '開設', '笑容', '被邀請', '<BAD>', '<BAD>', '<BAD>']","['L', '全部', '票', '能', '勝利', '當選', '多謝', '全部', '支持', '信']",0.0
2020-05-18/016681-016886,"['馬來西亞', '妝', '座', '店', '樓上', '差', '訂', '開門柄', '賣光', 'P', '回家', '搬', '<BAD>', '<BAD>', '<BAD>', '<BAD>', '<BAD>', '<BAD>', '<BAD>', '<BAD>', '<BAD>', '<BAD>']","['保', '工作', '計劃', '有', '分', '限期', '限期', '第', '一', '六', '月', '至', '八', '月', '接受', '申請', '期間', '六', '月', '十', '四', '能']",0.0
2020-05-18/026280-026362,"['油麻地', '氣溫', '言語', '氣氛', '瓶', '放']","['內地', '有', '力', '變', '現在', '情況']",0.0
2020-05-18/030047-030257,"['原因', '仁', '仁', '劏房', '教育', '慢', '慢', '空', '抵', '撥款', '反', '反', '反', '幫不到']","['舉手', '真', '違法', '有', '真', '半', '比賽', '名字', '雲', '傳球', '名字', '保', '傳球', '錯誤']",0.0
2020-05-19/001200-001459,"['美容', '泰', '集體', '檢疫', '黑人', '移動', '保鑣', '建築', '保鑣跟隨', '主動', '主動', '前', '找', '各處爆發', '禁示', '用', '<BAD>', '<BAD>', '<BAD>', '<BAD>']","['教育', '屋', '政府', '說', '批評', '考試', '批評', '歷史', '組', '取消', '這', '林', '月', '說', '管理', '要', '負責', '政府', '幹涉', '寃枉']",0.0
2020-05-20/004775-005031,"['租', '相同', '租', '組織', '付款', '付款', '冬季', '有些', '浪潮', '堅持', '期盼', '等待', '介', '介', '租', '<BAD>', '<BAD>', '<BAD>', '<BAD>', '<BAD>', '<BAD>', '<BAD>', '<BAD>', '<BAD>']","['現在', '旅遊', '會', '有', '一', '千', '七', '百', '幾', '登記', '會員', '如果', '肺', '炎', '持續', '可能', '之後', '有', '多', '旅遊', '公司', '關閉', '關閉', '<MUMBLE>']",0.0
2020-05-20/007662-007833,"['過去', '階段', '貪', '叫', '完結', '看到', '參', '氣溫', '屯', '測試', '測試', '設障', '做到', '人在臺上', '<BAD>', '<BAD>', '<BAD>', '<BAD>', '<BAD>', '<BAD>']","['客', '人', '減', '四', '十', '百分比', '希望', '肺', '新冠', '減少', '放', '放', '命令', '命令', '限制', '限制', '客', '人', '人流', '能']",0.0
2020-05-20/010135-010359,"['別人', '低', '州份', '州份', '同等', '時候', '類似', '和暖', '這樣', '週', '後期', '透明', '謊言', '奪走', '態度', '出任', '實施', '名單', '羞恥', '<BAD>', '<BAD>', '<BAD>', '<BAD>', '<BAD>', '<BAD>']","['保安', '屋', '領袖', '名字', 'L', '超', '說', '下', '一', '星期', '召', '召', '提醒', '提醒', '委員', '會', '管理', '警察', '會', '反對', '修改', '法', '報告', '評估', '建議']",0.0
2020-05-20/016224-016415,"['利用', '冠狀病毒', '上年', '上年', '立法會', '運貨', '獲獎', '獲獎', '做得好', '送', '送', '簽約', '<BAD>', '<BAD>']","['菜', '英文', '開', '第', '二', '政府', '出任', '期間', '說', '全部', '穩定', '真', '未來', '發展']",0.0
2020-05-20/023361-023566,"['泰國', '泰國', '上層', '過去', '高層', '發生', '身份', '看到', '倍', '大家', '鄭', '基本', '起移動', '基層', '租金', '租金', '擔憂', '擔憂']","['菜', '英文', '另', '名字', '德', '早上', '宣誓', '領袖', '副', '領袖', '跟', '法', '規則', '負責', '做', '<BAD>', '<BAD>', '<BAD>']",0.0
2020-05-21/011355-011480,"['街市', '菜', '指揮', '太子', '節', '路', '商舖', '講', '降低', '<BAD>', '<BAD>', '<BAD>']","['有', '某人', '外', '幹涉', '香港', '事', '真', '仍然', '拒絕', '堅持', '一', '樣']",0.0
2020-05-21/032445-032524,"['新蒲崗', '防毒面具', '恐佈', '文件', '人龍']","['空氣', '質素', '健康', '請看', '降下']",0.0
2020-05-23/006415-006604,"['通風', '積極', '答', '答', '離開', '熟', '同伴', '堅持', '界', '<BAD>', '<BAD>', '<BAD>', '<BAD>', '<BAD>']","['過程', '過程', '我', '估', '第', '一', '影響', '香港', '現在', '法', '內', '獨立', '不', '另']",0.0
2020-05-23/006723-006910,"['銀行', '指派', '未', '階段', '來源', '行為', '行為', '<BAD>', '<BAD>', '<BAD>', '<BAD>']","['國', '家', '某些', '破壞', '安全', '意思', '一般', '普通', '行為', '人人', '不']",0.0
2020-05-23/017359-017648,"['S', '放學', '書', '寫作', '受惠', '留低', '宣傳', '送', '果', '街', '解放', '買賣', '抄', '訪問', '聯絡', '英', '創', '發展']","['例如', '吸毒', '好', '超', '不好', '全部', '真', '不合理', '全部', '看', '知道', '意思', '超', '已經', '教育', '道', '德', '限制']",0.0
2020-05-23/021192-021355,"['壓', '等待', '雲', '衝浪者', '樂', '講解', '下雨', '有時', '有時', '陪', '有時', '涼']","['時間', '快', '晚上', '有', '柴灣', '綠', '商場', '舉起', '旗', '<MUMBLE>', '標語', '<BAD>']",0.0
2020-05-23/022725-023056,"['蔓延', '甲', '步', '物流', '教會', '收到', '互聯', '棺木', '找尋', '學生', '追蹤', '學生', '學生', '事件', '病房', '看出', '自製', '經理', '提醒大家', '氣', '怪罪於', '軟件', '頸巾', '禮', '<BAD>', '<BAD>', '<BAD>', '<BAD>', '<BAD>', '<BAD>', '<BAD>', '<BAD>', '<BAD>']","['軍人', '科學', '研究', '病', '毒', '真', '再', '<MUMBLE>', '新', '冠狀', '肺', '打針', '指', '三', '月', '開始', '一', '期', '期間', '試驗', '武漢', '有', '一', '零', '八', '歲', '一', '八', '至', '六', '十', '身體健康', '參加']",0.0
2020-05-23/028758-028935,"['明', '跪頸', '田', '賣', '橫式', '飛機到達', '旅遊巴', '按摩', '舉殯', '其中', '大批人', '剛剛好', '<BAD>', '<BAD>', '<BAD>', '<BAD>', '<BAD>', '<BAD>']","['政府', '領袖', '名字', '比', '說', '急', '情況', '命令', '命令', '封關', '封關', '封關', '加', '長', '六', '月', '尾', '仍然']",0.0
2020-05-24/003901-004100,"['下屬', '蘋果', '發', '東南', '東南', '拍照', '揮動衣物', '救我', '樽', '樽', '逃走', '<BAD>', '<BAD>', '<BAD>', '<BAD>', '<BAD>', '<BAD>', '<BAD>', '<BAD>']","['名字', '名字', '路', '有', '關', '交界', '路', '前', '有', '關', '黑', '衣', '鐵', '欄', '拿出', '真', '破壞', '交通', '燈']",0.0
2020-05-25/023036-023386,"['蜜蜂', '蜜蜂', '主任', '社會', '臺北', '登記', '限期', '過後', '年級', '大量', '登記', '嚴格', '這些', '居住', '居住', '居住', '告知', '傳送', '致電', '父母', '藉口', '申請人', '付款', '<BAD>', '<BAD>', '<BAD>', '<BAD>', '<BAD>']","['有', '關', '有', '關', '指向', '甚麼', '支持', '反對', '各種', '不能', '有', '關', '爭吵', '主題', '演講', '意見', '要', '小心', '想', '清楚', '評估', '要', '超', '真', '處理', '合理', '要', '不能']",0.0
2020-05-26/000813-001027,"['康', '評審', '指數', '信用咭', '的', '親戚', '前', '簽署', '走', '走', '走', '直接', '資金周轉', '資金周轉', '<BAD>', '<BAD>', '<BAD>', '<BAD>', '<BAD>', '<BAD>', '<BAD>', '<BAD>', '<BAD>', '<BAD>', '<BAD>']","['唱歌', 'O', 'K', '有', '組', '組', '屋', '屋', '有', '星期', '四', '即將', '開', '能', '中', '三', '至', '中', '五', '恢復', '上課', '看', '學校', '準備', '如何']",0.0
2020-05-27/030800-031051,"['皮膚', '意思', '總部', '單一', '事情', '期', '數目', '法例', '浪潮', '商討', '期盼', '顯徑', '升上', '升上', '湖北', '<BAD>', '<BAD>', '<BAD>', '<BAD>', '<BAD>', '<BAD>', '<BAD>', '<BAD>', '<BAD>', '<BAD>', '<BAD>', '<BAD>', '<BAD>']","['我', '決定', '要', '做', '我', '想', '如何', '反對', '會', '外', '交', '組', '說', '堅持', '一', '國', '兩', '制', '對於', '仍然', '主', '權力', '決定', '變', '不', '<MUMBLE>', '記', '訪問']",0.0
2020-05-30/006988-007083,"['天文臺', '出', '閱讀', '攪珠', '<BAD>', '<BAD>', '<BAD>', '<BAD>']","['留意', '兩', '規則', '但是', '忘記', '一', '國', '重要']",0.0
2020-05-30/007752-007847,"['我問', '對方', '人造', '對我說', '插隊', '蘑菇雲', '紅色', '呢']","['首先', '時間', '背景', '一定', '<BAD>', '<BAD>', '<BAD>', '<BAD>']",0.0
2020-05-30/009991-010226,"['小童', '通過', '嬰兒', '嬰兒', '嬰兒', '緊張', '支出很多', '基本', '<BAD>', '<BAD>', '<BAD>', '<BAD>', '<BAD>', '<BAD>']","['如果', '全部', '罪', '定', '合理', '懷疑', '沒', '第', '三', '一般', '法', '規則', '行為', '違法']",0.0
2020-05-30/015149-015263,"['沒理由', '對', '身份', '年紀大', '勝出', '開放', '<BAD>', '<BAD>', '<BAD>']","['美國', '如果', '取消', '香港', '特別', '身份', '影響', '香港', '會不會']",0.0
2020-05-30/018870-019084,"['孕婦', '注', '收取', '農曆', '推卸責任', '被捉', '緩和', '鎮壓', '加州', '搭臺', '聚集很多', '聚集很多', '不公平', '帶走', '<BAD>', '<BAD>', '<BAD>', '<BAD>', '<BAD>', '<BAD>', '<BAD>', '<BAD>', '<BAD>', '<BAD>', '<BAD>']","['第', '一', '次', '有', '現在', '立', '法', '會', '議員', '加', '入', '問', '問', '責任', '組', '工', '聯', '阿', '有', '關', '勞工', '福利', '屋', '副', '領袖']",0.0
2020-05-30/025969-026213,"['尖沙咀', '士兵', '妹妹', '橋', '交還', '收入', '峴港', '丁', '出任', '比較', '慈善', '聚集很多', '不公平', '大廈', '<BAD>', '<BAD>', '<BAD>', '<BAD>']","['內地', '真', '世界', '新聞', '說', '內地', '準備', '最', '壞', '情況', '美國', '壓', '內地', '失敗', '不', '自', '弱', '會']",0.0
2020-05-30/031861-032026,"['因為', '因為', '雨傘', '開玩笑', '放上去', '外借', '將', '歲', '歲', '昨日', '善良', '字典', '字典', '用利器劃傷', '哭', '好笑']","['吹', '南', '西', '南', '未來', '兩', '天', '三', '天', '天氣', '熱', '部分', '時間', '有', '陽光', '<BAD>']",0.0
2020-06-01/000384-000646,"['上星期', '專家', '專家', '擠', '擠', '之外', '法官', '選舉', '輪侯', '位', '選舉', '指罵', '裏面', '升上', '黃色', '投票', '步驟', '等等', '或者偏頗', '<BAD>', '<BAD>', '<BAD>', '<BAD>']","['香港', '首次', '有', '醫療', '救', '負責', '新冠肺炎', '有', '以前', '送到', '醫院', '女', '肺炎', '女', '她', '兩', '個', '同事', '一', '樣', '証實', '肺炎', '有']",0.0
2020-06-01/002933-003032,"['九龍灣', '天上', '弊', '講演', '冷靜', '舒緩自己']","['<MUMBLE>', '病', '情況', '檢測', '看不到', '可能']",0.0
2020-06-01/008207-008508,"['站立', '富有', '富有', '有地方', '成功', '首長', '忘記', '威', '層面', '或是', '威', '島', '怎麼辦', '提交', '菜', '建', '聚合', '聚合', '出入境', '溫', '<BAD>', '<BAD>']","['衞生', '防', '中', '心', '指派', '有', '兩', '個', '結婚', '住', '沙田', '祿泉樓', '負責', '全部', '樓', '內', '病毒', '檢測', '清理', '工作', '加強', '持續']",0.0
2020-06-01/013615-013806,"['各處分開', '唾液禁本', '沖擊', '爭取', '看看', '給我', '看看', '地區', '地區', '詳細', '完整', '搬']","['考慮', '<MUMBLE>', '影響', '香港', '自', '美國', '有', '貿易', '喫虧', '會', '<BAD>', '<BAD>']",0.0
2020-06-01/013837-013972,"['意大利', '大學', '櫃臺', '資物', '時候侵犯', '對話', '對話', '對話', '<BAD>']","['陳茂波', '說', '<MUMBLE>', '說', '人民銀行', '支持', '保衛', '聯繫匯率', '仍然']",0.0
2020-06-05/017267-017573,"['題目', '香港再', '題目', '夏威夷', '緩和', '隊', '否', '否', '飛機飛抵', '紙巾', '房間', '生活', '什麼', '什麼', '降下', '被捕', '丟', '丟', '互相幫助', '各', '責任', '交給大家', '勇敢']","['星期', '一', '高', '一', '年級', '高', '小', '四', '年級', '一致', '事實', '準備', '復課', '<MUMBLE>', '學校', '多', '如果', '跟隨', '清理', '可能', '復課', '機會', '能']",0.0
2020-06-07/022159-022424,"['天氣', '大約', '字頭', '這個和那個', '混淆', '老婆', '鼓勵', '消費', '恐怖', '運輸', '熱', '熱', '帕勞', '熱', '熱', '熱', '熱', '未來', '意見', '<BAD>', '<BAD>']","['世界', '衞生', '會員', '全部', '同意', '同意', '新', '冠', '獨立', '調查', '科技', '組', '現在', '病', '爆發', '內地', '高', '看', '嚴', '加', '研究']",0.0
2020-06-08/004259-004334,"['延', '氣溫', '年輕', '年輕', '告訴我', '投資']","['有', '步驟', '<BAD>', '記', '簽名', '<BAD>']",0.0
2020-06-10/001745-002014,"['張開長方形', '忍耐', '搬動', '贊助', '店舖', '數碼', '那裡', '如常', '荒謬', '車撞過去', '小時', '籃球場', '入面', '爆', '語言', '密碼', '健', '午夜', '<BAD>', '<BAD>', '<BAD>', '<BAD>', '<BAD>', '<BAD>', '<BAD>']","['有', '關於', '主', '民', '團體', '擔心', '有', '關於', '早', '決定', '<X>', '保安', '屋', '<MUMBLE>', '名字', '葉', 'L', '說', '英國', '以前', '有', '政府', '負責', '資料', '蒐集']",0.0
2020-06-10/009265-009471,"['迪士尼', '抓捕', '老闆', '叫', '錢收到', '符合', '同伴', '摔倒', '一齊', '一齊', '陪伴', '流血', '消費', '站起', '走路', '表現']","['煽動', '未來', '星期日', '工作', '放棄', '讀書', '放棄', '我', '其實', '不開心', '<BAD>', '<BAD>', '<BAD>', '<BAD>', '<BAD>', '<BAD>']",0.0
2020-06-13/006080-006451,"['南韓', '及', '房間', '房間', '房間', '游泳', '冠冕', '沒事', '非法', '生活', '房間', '生活', '熄滅', '火箭', '隔絕', '生活', '房屋', '化學', '找我', '修改', '修改', '質詢', '房委會', '週', '照顧', '<BAD>', '<BAD>', '<BAD>']","['多', '<X>', '試過', '去', '區域', '區域', '食物', '貨', '批准', '開始', '關閉', '開始', '緊急', '情況', '人', '接觸', '試過', '酸', '檢測', '現在', '有', '四', '十', '六', '証實', '有', '肺', '發炎']",0.0
2020-06-13/009513-009812,"['泰國', '可', '劏房', '收入', '收入', '軍', '鼓勵', '老婆', '平', '平', '鄭', '指', '落', '中學', '觀光', '全球', '完畢', '記憶', '簡單', '記憶', '喫東西', '<BAD>', '<BAD>', '<BAD>', '<BAD>', '<BAD>', '<BAD>', '<BAD>']","['名字', '滿', '區域', '區域', '新', '貨', '批准', '切', '三', '魚', '砧板', '檢測', '有', '新冠病毒', '肺炎', '有', '北京', '四', '川', '超市', '或者', '日本', '餐廳', '暫時', '賣', '三', '魚', '不']",0.0
2020-06-13/009855-010040,"['其他', '奬盃', '火警', 'P', '事情', 'P', '違反', '多人相視而坐', '退步', '支持', '市場', '捉到', '<BAD>', '<BAD>', '<BAD>']","['真', '<MUMBLE>', '遠', '十', '八', '<BAD>', '公里', '超級市場', '真', '貨', '海鮮', '區域', '全部', '暫停', '三文魚']",0.0
2020-06-13/018520-018796,"['天文臺', '繞', '放棄', '廣', '傳', '游泳', '房子', '樓宇', '化學', '消防', '消防', '搬', '地', '救護車', '英國', '<BAD>', '<BAD>', '<BAD>', '<BAD>']","['三', '二', '一', '說', '開始', '關閉', '<BAD>', '四', '個', '月', '完', '海洋公園', '重複', '開', '入', '特別', '規則', '處理', '管理']",0.0
2020-06-13/018862-019110,"['食', '選舉', '首都', '蝙蝠', '和平', '醫生', '煩', '讀書', '無綫', '婆婆', '婆婆', '聽到', '故意', '為何', '<BAD>', '<BAD>', '<BAD>', '<BAD>', '<BAD>', '<BAD>']","['美國', '總統', '特朗普', '同意', '要', '鎖喉', '方法', '<BAD>', '<BAD>', '捉', '不要', '但是', '特別', '情況', '一', '樣', '要', '仍然', '鎖喉', '能']",0.0
2020-06-14/020957-021052,"['取代', '曾', '被控告', '緩解', '情緒', '輪流', '頭髮']","['真', '破壞', '中', '小', '公司', '喘息', '時間']",0.0
2020-06-15/003498-003715,"['衞', '海鮮', '食', '食', '荷', '事情', '明顯', '靠', '細', '公約', '派發', '核動力', '訟費', '問答', '新潔', '<BAD>', '<BAD>', '<BAD>']","['影響', '香港', '<X>', '跟著', '基本法', '條例', '<X>', '有', '法', '現在', '法', '條例', '權力', '最後', '審判', '權力', '影響', '不']",0.0
2020-06-15/015229-015466,"['擺甫士', '擺甫士', '演說', '新民黨', '葉劉淑儀', '吸煙', '稱呼', '渠', '杜魯多', '病情', '想不想', '拍照', '拍照', '房屋署', '滿意', '剝奪', '指責', '<BAD>', '<BAD>', '<BAD>', '<BAD>', '<BAD>']","['學校', '話', '出席', '<BAD>', '<BAD>', '八', '十', '巴仙', '左右', '因為', '擔心', '肺', '發炎', '入', '學校', '不要', '致電', '父母', '完成', '如果', '擔心', '能']",0.0
2020-06-15/018492-018647,"['視', '任何', '人員', '亂', '亂', '隱瞞', '橫線', '有權利的人', '草字頭', '泰', '收錢', '<BAD>', '<BAD>', '<BAD>', '<BAD>']","['真', '方便', '不', '看到', '內地', '澳門', '現在', '一', '半', '錢', '或者', '四', '分', '一', '便宜']",0.0
2020-06-17/004747-004862,"['全日', '葵涌', '網相', '數天', '機場', '康復', '康復', '譯員', '譯員', '<BAD>', '<BAD>', '<BAD>', '<BAD>']","['立', '法', '會', '選舉', '人', '<X>', '如果', '<X>', '反對', '香港', '安全', '法', '條例']",0.0
2020-06-17/023065-023218,"['勞工處', '總理', '論說', '李顯龍', '照顧', '承諾', '房', '博', '新聞報告', '排', '<BAD>', '<BAD>', '<BAD>', '<BAD>', '<BAD>']","['減', '衞生', '危險', '<X>', '全部', '<X>', '現金', '不要', '最', '好', '<X>', '要', '求', '新', '貨']",0.0
2020-06-18/019159-019321,"['無奈', '怪自己', '記', '拉開', '街市', '報告', '踢', '綠色', '領事', '昍', '洗面膏', '洗臉', '項目', '<BAD>', '<BAD>', '<BAD>', '<BAD>', '<BAD>']","['參加', '計劃', '<MUMBLE>', '<X>', '貼', '門外', '貼', '貼', '這', '原來', '給', '人', '看', '記得', '知道', '能', '三', '月']",0.0
2020-06-21/032305-032388,"['氣溫', '氣溫', '歡迎', '看情況', '濕', '濕度', '百份比', '<BAD>', '<BAD>']","['現在', '溫度', '三', '十', '濕度', '七', '十', '五', '百份比']",0.0
2020-06-24/003730-004004,"['加拿大', '巴', '誘惑', '紅', '來源', '侵入', '分裂', '分裂', '願意', '被捕', '字', '字', '字', '<BAD>', '<BAD>', '<BAD>', '<BAD>', '<BAD>']","['歷史', '問題', '影響', '香港', '多', '法官', '有', '雙重', '或者', '多', '國', '護照', '一刀切', '外國', '居留權', '有', '情況', '不']",0.0
2020-06-24/007632-007752,"['視', '確定', '重', '很', '很', '為何', '<BAD>', '<BAD>', '<BAD>']","['保護', '甚麼', '全部', '十', '四', '億', '人民', '安全', '問題']",0.0
2020-06-24/009886-009960,"['土瓜灣', '收到', '情形', '告訴我']","['條文', '未', '寫', '完成']",0.0
2020-06-25/003408-003696,"['警察總部', '黑', '黑', '接近', '呎', '包裹', '電', '肺部', '不管', '見面', '拘捕', '臉', '哪裡', '<STOP>', '誰', '飛機回來', '<BAD>', '<BAD>', '<BAD>', '<BAD>', '<BAD>', '<BAD>', '<BAD>']","['想', '長', '管理', '首先', '要', '尋找', '基本', '這', '哪裏來', '想', '目的', '線', '內地', '甚麼', '反叛', '政', '權', '管理', '不', '變', '會', '好像', '臺灣']",0.0
2020-06-27/024068-024298,"['收到撥款', '後面', '這些', '亞', '交通', '交通', '羣體', '前後分開', '划船', '封閉', '好不好', '給他', '事件', '撲向另', '雙贏', '拖車', '<BAD>', '<BAD>', '<BAD>', '<BAD>']","['名字', '密', '根', '州', '多', '超', '一', '百', '幾', '船', '船', '湖', '船', '船', '聚集', '派對', '口罩', '沒', '分開', '沒']",0.0
2020-06-29/002851-002990,"['雙手', '接近', '市民', '破壞', '公園', '公園', '曾', '單日', '上下抹乾淨', '不理會', '<BAD>']","['永遠', '監禁', '不', '消息', '說', '條文', '<X>', '比較', '另', '地區', '規則']",0.0
2020-06-29/007038-007359,"['課', '唯一', '曠課', '代替', '課', '飛抵', '封關', '緊急', '飛抵', '列入名單', '稱為', '麻將', '曠課', '落閘', '油', '普通', '米', '檢疫', '斜坡', '低劣', '<BAD>', '<BAD>']","['北京', '外國', '交流', '部門', '說', '有關', '香港', '問題', '表現', '不好', '美國', '人', '簽證', '限制', '限制', '美國', '有關', '有關', '香港', '建議', '專門', '垃圾']",0.0
2020-06-29/023507-023647,"['出入', '出入', '網', '呼吸', '港鐵', '收', '設施', '基本', '叻', '<BAD>', '<BAD>']","['但是', '分析', '說', '片段', '可能', '加', '兩', '<MUMBLE>', '<X>', '懷疑', '戰爭']",0.0
2020-07-01/014890-015165,"['接下來', '羣組', '紙', '浮', 'F', '陪伴', '同伴', '一直', '大家', '朋友', '陪伴', '陪伴', '歡迎', '財產', '新潔', '外界', '步驟', '清楚', '<BAD>', '<BAD>', '<BAD>', '<BAD>', '<BAD>', '<BAD>', '<BAD>', '<BAD>', '<BAD>', '<BAD>', '<BAD>']","['真', '法', '規則', '剛剛', '說', '<X>', '誰', '懷疑', '感覺', '有', '但是', '時間', '<BAD>', '事', '真', '証實', '能', '立', '法', '立法', '反對', '一', '國', '兩種不同規則', '沒', '這', '法', '規則', '']",0.0
2020-07-01/018755-018852,"['組裝', '社會', '不同部門', '推出', '推出', '<BAD>', '<BAD>', '<BAD>', '<BAD>']","['真', '我', '好像', '嚇', '<MUMBLE>', '我', '怕', '不', '']",0.0
2020-07-01/024008-024117,"['不理', '經歷', '經歷', '隊', '培訓', '培訓', '<BAD>', '<BAD>', '<BAD>']","['我', '現在', '歧視', '內地', '政府', '保護', '主', '權利', '決定']",0.0
2020-07-01/029952-030177,"['勞工處', '黎智英', '館', '介紹', '多次', '答覆', '<BAD>', '<BAD>', '<BAD>', '<BAD>', '<BAD>', '<BAD>', '<BAD>', '<BAD>', '<BAD>', '<BAD>', '<BAD>', '<BAD>', '<BAD>', '<BAD>']","['意大利', 'A', '有', '關於', '名字', '雲', '真', '三', '至', '一', '打敗', '這', '名字', '亞', '世界', '真', '名字', 'C', '踢球', '']",0.0
2020-07-02/001355-001716,"['監禁', '監禁', '唱歌', '角色', '不夠', '拉上閘', '隔離', '年齢', '隔離', '放寬', '伊朗', '常', '地鐵', '損失', '等候', '帶領', '設施', '資格', '電單車', '澳洲', '意大利', '意大利', '<BAD>', '<BAD>', '<BAD>', '<BAD>', '<BAD>', '<BAD>', '<BAD>', '<BAD>', '<BAD>', '<BAD>', '<BAD>', '<BAD>', '<BAD>', '<BAD>', '<BAD>']","['多', '國', '留意', '關於', '香港', '安全', '規則', '這', '開始', '剛才', '北京', '控告', '控告', '這', '美國', '幹涉', '目的', '最後', '失敗', '會', '<BAD>', '指出', '錯誤', '英國', '再次', '指出', '錯誤', '英國', '真', '<MUMBLE>', '違反', '以前', '同意', '真', '違反', '有', '']",0.0
2020-07-02/022538-022813,"['柴灣', '特首', '西', '中環', '特首', '表達', '十幾', '抗議', '抗議', '宣傳', '宣誓', '抗議', '不明白', '泰國', '何時', '勝利', '<BAD>', '<BAD>', '<BAD>', '<BAD>', '<BAD>', '<BAD>', '<BAD>', '<BAD>', '<BAD>', '<BAD>', '<BAD>', '<BAD>', '<BAD>', '<BAD>']","['現在', '我', '計劃', '有', '現在', '我', '星期', '星期', '前', '我', '說', '完', '我', '會', '最後', '修改', '好', '快', '一起', '考慮', '加入', '會', '<MUMBLE>', '好像', '英國', '這', '機會', '給', '會', '']",0.0
2020-07-02/032627-032711,"['全國', '氣溫', '持續', '年輕', '濕', '濕度', '<BAD>', '<BAD>', '<BAD>']","['現在', '溫度', '三', '一', '濕', '七', '三', '百分比', '']",0.1111111111111111
2020-07-04/001150-001270,"['荃灣', '敵對', '晴天', '零件', '不高興', '人流', '戰略轟炸機', '對立', '挑戰', '<BAD>', '<BAD>']","['消息', '說', '加', '六', '入', '入', '病', '包括', '一', '駕駛', '飛機']",0.0
2020-07-05/004345-004441,"['交國', '輕', '拖', '賺取', '有用', '戶口', '慢']","['困難', '定', '社區', '完美', '沒', '不能夠', '<BAD>']",0.0
2020-07-05/017039-017131,"['準確', '熱心', '單對單', '目的', '太陽照射', '入眼', '鏡頭', '<BAD>']","['想', '<MUMBLE>', '內地', '政府', '香港', '政府', '限制', '限制']",0.0
2020-07-05/020741-020886,"['沒辦法', '示現', '人民', '遮', '吸引', '左右', '獲利', '出動', '全身', '<BAD>', '<BAD>', '<BAD>', '<BAD>']","['八', '月', '再', '警察', '屋', '我', '報到', '男', '客人', '釋放', '能', '無線電視', '記者']",0.0
2020-07-05/022154-022403,"['利用', '和緩', '黨', '百分之', '行政會議', '獲獎', '獲獎', '獲獎', '巴', '左邊', '以色列', '豬', '右邊', '<BAD>', '<BAD>', '<BAD>', '<BAD>', '<BAD>', '<BAD>', '<BAD>', '<BAD>', '<BAD>', '<BAD>', '<BAD>']","['美國', '政府', '權力', '特朗普', '說', '內地', '現在', '立法', '香港', '安全', '法', '考慮', '兩', '至', '三', '計劃', '對於', '內地', '行動', '準備', '幾', '天', '會', '說']",0.0
2020-07-06/008512-008618,"['腳軟', '兩手', '晴天', '陳肇始', '誰人', '明白', '頸', '根據', '解除合作關係']","['政府', '最少', '五', '七', '六', '萬', '申請', '了', '<BAD>']",0.0
2020-07-06/012482-012600,"['你們', '大家', '新型冠狀', '新型冠狀', '整地', '之後', '<BAD>', '<BAD>', '<BAD>', '<BAD>', '<BAD>']","['自', '老闆', '重複', '新', '招聘', '員工', '不', '政府', '錢', '收回', '會']",0.0
2020-07-06/023432-023738,"['好多', '圖書館', '一大羣', '多個區域', '夏天', '夏天', '寫作', '溝通', '清晨', '酷熱', '島', '代表', '忽然', '革命', '多人站立', '主動', '主動', '過於', '溝通', '<BAD>', '<BAD>', '<BAD>', '<BAD>', '<BAD>', '<BAD>', '<BAD>']","['英國', '傳染', '英國', '傳媒', '報道', '武漢', '病毒', '傳染', '研究', '年', '二', '零', '一', '三', '雲', '南', '發現', '新冠', '肺', '炎', '接近', '病', '毒', '研究', '回答', '沒']",0.0
2020-07-06/032035-032111,"['溫度', '氣溫', '調到', '濕度', '濕', '百分比', '百份比', '<BAD>']","['現在', '溫度', '三', '十', '濕', '百分比', '七', '八']",0.25
2020-07-08/015580-015728,"['微小', '東湧', '層', '飛', '水塘', '打傘', '房', '行山', '走', '走', '<BAD>', '<BAD>', '<BAD>', '<BAD>', '<BAD>', '<BAD>']","['公', '屋', '<BAD>', '權', '名字', '鄭', '關於', '跟', '法', '規則', '處理', '工作', '負責', '有', '關於', '權']",0.0
2020-07-08/017499-017787,"['等待', '好過', '老人家', '彩虹', '毫米', '黃', '選舉', '行為', '罪', '包紮手臂', '負擔', '冷淡', '不夠', '問答', '段', '勞工', '關東', '<BAD>', '<BAD>', '<BAD>', '<BAD>', '<BAD>', '<BAD>', '<BAD>', '<BAD>']","['政府', '建議', '現在', '七', '月', '開始', '入', '工作', '政府', '負責', '要', '宣誓', '簽署', '保護', '基本', '法', '規則', '跟', '政府', '現在', '工作', '安排', '一', '樣', '複製']",0.0
2020-07-08/026600-026888,"['湖', '士兵', '訪問', '擴闊', '條文', '西藏', '高鐵', '明白', '沙田', '尖沙咀', '貨櫃', '解僱', '公園', '什麼', '關鍵', '受傷', '調動', '<BAD>', '<BAD>', '<BAD>', '<BAD>', '<BAD>', '<BAD>', '<BAD>', '<BAD>']","['委員', '會', '調查', '報告', '名字', 'C', '以前', '政府', '權', '以前', '梁', '英', '溝通', '有', '答應', '梁', '英', '要', '求', '他', '確定', '文件', '給', '委員', '會']",0.0
2020-07-11/001256-001418,"['泰國', '溝通', '封閉', '年紀', '收集', 'S', '試', '留存', '揶揄', '高矮不一', '<BAD>', '<BAD>', '<BAD>', '<BAD>', '<BAD>', '<BAD>', '<BAD>']","['監督', '喫', '餐廳', '或者', '玩', '各種', '地方', '限制', '限制', '今日', '再次', '限制', '期間', '日', '十', '四', '']",0.0
2020-07-11/001632-001880,"['全', '程度', '全', '思考', '過去', '過去', '同伴', '故意', '故意', '害人', '期盼', '聽到', '勉強接受', '現準', '畫', '弊病', '弊病', '<BAD>', '<BAD>', '<BAD>', '<BAD>', '<BAD>', '<BAD>', '<BAD>', '<BAD>', '<BAD>', '<BAD>', '<BAD>']","['香港', '今日', '再次', '加', '<BAD>', '冠狀病毒', '肺', '發炎', '全部', '計算', '二', '八', '裡面', '有', '十', '六', '傳染', '本地', '另', '三', '十', '三', '現在', '証實', '肺', '發炎', '有', '']",0.0
2020-07-11/005497-005583,"['事實', '累', '全身', '放入', '糾纏', '被']","['包括', '職員', '招聘', '飛機', '各種', '']",0.0
2020-07-11/006515-006594,"['加拿大', '以外', '聯繫匯率', '穩定', '<BAD>', '<BAD>', '<BAD>', '<BAD>', '<BAD>']","['有', '富有', '不', '我', '隨便', '搬走', '搬走', '不能', '']",0.0
2020-07-11/020768-021039,"['全世界', '這裡', '除去', '紀律', '受惠', '寛度', '改過', '畫面', '將軍', '將軍', '橋', '品格', '噴射', '阻擋', '暖', '宣誓', '宣誓', '宣誓', '<BAD>', '<BAD>', '<BAD>', '<BAD>', '<BAD>', '<BAD>', '<BAD>', '<BAD>', '<BAD>', '<BAD>']","['這', '說', '反對', '這', '影響', '看出', '知道', '跟', '法', '規則', '想', '沒', '<X>', '繼續', '破壞', '<MUMBLE>', '違法', '違法', '抗爭', '合理', '好像', '經常', '繼續', '能', '逼', '政府', '請', '']",0.0
2020-07-11/021811-021930,"['圖畫', '隨機應變', '條文', '外銷', '不高興', '<BAD>', '<BAD>', '<BAD>', '<BAD>', '<BAD>', '<BAD>', '<BAD>', '<BAD>', '<BAD>', '<BAD>', '<BAD>']","['香港', '安全', '法', '規則', '開始', '完', '基本', '法', '規則', '委員', '會', '負責', '名字', 'C', '說', '']",0.0
2020-07-11/026151-026441,"['全球', '共同簽署', '聲明', '福', '福', '就這樣', '要否', '過去', '心情', '讀書', '休', '解封', '裡面', '落船', '人離開船隻', '艾', '數個月', '納入法例', '<BAD>', '<BAD>', '<BAD>', '<BAD>', '<BAD>', '<BAD>', '<BAD>', '<BAD>', '<BAD>']","['新加坡', '國', '會', '選', '選', '決定', '完', '負責', '名字', '龍', '帶領', '人民', '團體', '保護', '全部', '這', '位置', '位置', '夠', '六', '<MUMBLE>', '百分比', '投票', '歷史', '裡面', '最', '低']",0.0
2020-07-13/002789-002923,"['英格蘭', '聘用', '那兒', '提供', '波子', '慢', '大排檔', '好少', '<BAD>', '<BAD>', '<BAD>', '<BAD>', '<BAD>', '<BAD>']","['有', '另', '八', '以前', '証實', '肺', '發炎', '家', '人', '設障', '監督', '完成', '不能', '']",0.0
2020-07-13/008844-008940,"['行樓梯', '飲茶', '讚', '<BAD>', '<BAD>', '<BAD>', '<BAD>', '<BAD>']","['部分', '工作', '如果', '能', '家', '裡面', '工作', '']",0.0
2020-07-13/011020-011290,"['等待', 'C', '老人家', '稱呼自己', '節日', '廣告', '危急', '怪罪我們', '漏洞', '急', '漏洞', '批發', '中聯辦', '防護', '一般', '急', '曾試過', '足夠', '規管', '<BAD>', '<BAD>', '<BAD>', '<BAD>', '<BAD>', '<BAD>', '<BAD>', '<BAD>', '<BAD>', '<BAD>', '<BAD>', '<BAD>', '<BAD>']","['經濟', '發展', '屋', '說', '因為', '肺', '發炎', '情況', '真', '決定', '星期', '三', '開始', '<BAD>', '書', '大排檔', '這', '延後', '有', '部分', '書', '經濟', '說', '退', '退', '<MUMBLE>', '但是', '感覺', '這', '好', '遲', '']",0.0
2020-07-13/024716-024808,"['華牀', '示現', '猛烈', '猛烈', '人龍', '遊', '尊重', '浪']","['因為', '這', '說', '地方', '窄', '', '<BAD>', '<BAD>']",0.0
2020-07-14/027363-027506,"['新加坡', '不好意思', '馬鞍山', '山', '類別', '隱瞞', '隱瞞', '衝突', '<BAD>', '<BAD>', '<BAD>', '<BAD>']","['旺角', '美容', '某些', '想', '現在', '停', '想', '以前', '早', '約', '不', '失敗']",0.0
2020-07-15/001610-001684,"['事實', '容易', '情人', '控', '餘', '被', '<BAD>']","['三', '七', '另', '晚上', '証實', '肺', '炎']",0.0
2020-07-15/011140-011287,"['車撞車', '居屋', '便利店', '便利店', '丁', '天安門', '掛上', '何', '模樣', '<BAD>']","['多', '自', '戴口罩', '自覺', '進來', '我', '全部', '<MUMBLE>', '空氣流通', '能']",0.0
2020-07-15/023258-023372,"['未來', '祕密', '喫虧', '喫虧', '談天', '報', '明白', '多謝']","['拆', '屋', '賠償', '負責', '要', '搬', '如何', '正常']",0.0
2020-07-16/016633-016956,"['的士', '士兵', '紙張', '評論', '隊', '西藏', '被派來', '美容院', '飛抵', '哪裏來', '創造', '及', '熟悉', '處所', '處所', '記者', '盟', '宿舍', '網', '前', '事件', '<BAD>', '<BAD>', '<BAD>', '<BAD>']","['好像', '區域', '政府', '這', '香港', '帶領', '內地', '內地', '合資', '香港', '合資', '公司', '看', '情況', '甚麼', '公司', '大', '小', '環境', '怎樣', '我', '真', '審視', '評估', '能']",0.0
2020-07-17/023146-023330,"['英格蘭', '匯', '匯', '波', '泰', '條約', '埃及', '報告', 'Q', '搶', '搶', '否認', '<BAD>', '<BAD>', '<BAD>', '<BAD>', '<BAD>', '<BAD>']","['錢', '委員', '會', '項目', '未', '這些', '決定', '全部', '換', '完', '準備', '再', '安排', '諮詢', '諮詢', '開會', '情況', '要']",0.0
2020-07-17/032489-032584,"['環保署', '質素', '空氣', '質素', '質素', '這樣', '<BAD>']","['環保', '屋', '說', '空氣', '質素', '健康', '指屏幕']",0.14285714285714285
2020-07-18/018249-018331,"['初', '長排隊', '長排隊', '宣傳', '其中', '借用', '<BAD>', '<BAD>']","['參加', '有關', '立', '法', '功能', '選舉', '希望', '政府']",0.0
2020-07-18/023585-023802,"['害', '牀', '交交流', '出', '養', '狗', '牠', '多人相視而坐', '圈出', '輸', '雙重', '很多牀排成', '身體健康', '項目', '交給', '<BAD>', '<BAD>', '<BAD>']","['熱', '血', '公', '民', '說', '說', '想', '重複', '香港', '本土', '屬於', '經濟', '文化', '想', '互動', '網絡', '連繫', '要']",0.0
2020-07-19/018536-018728,"['距離', '星體運行', '深圳', '承認', '專車', '眼', '橋', '喉管', '舒服', '罷工', '<BAD>', '<BAD>', '<BAD>', '<BAD>', '<BAD>']","['英國', '說', '可能', '暫時', '香港', '捉走', '簽約', '停', '香港', '安全', '<BAD>', '內地', '安全', '法', '回答']",0.06666666666666667
2020-07-21/018448-018548,"['首都', '羅', '坐', '講演', '忽然', '中間站著的人', '<BAD>', '<BAD>', '<BAD>', '<BAD>']","['新聞', '時間', '繼續', '關於', '股票', '新聞', '香港', '股票', '情況', '請看']",0.0
2020-07-21/031965-032039,"['氣溫', '氣溫', '逹到', '濕度', '濕', '濕度', '<BAD>']","['溫度', '三', '一', '濕', '七', '十', '百分比']",0.0
2020-07-22/016720-016813,"['櫃員機', '更加', '加油', '陳肇始', '勝出', '駛走']","['故意', '破壞', '內地', '美國', '關係', '粗暴']",0.0
2020-07-22/018044-018197,"['表現', '代理', '常', '因為', '常', '團結', '將', '白人', '昂貴', '年輕', '無線電視', '記者']","['比較', '誰', '幹涉', '另', '國', '內', '事', '誰', '<BAD>', '<BAD>', '<BAD>', '<BAD>']",0.0
2020-07-25/001643-001746,"['某些人', '集合', '網相', '城', '臺灣', '音樂', '<BAD>', '<BAD>', '<BAD>', '<BAD>', '<BAD>']","['創', '一', '日', '新', '高', '當中', '一', '二', '六', '本地', '傳染']",0.0
2020-07-25/017904-018151,"['匯豐', '無辜', '除去', '無辜', '開通', '草地', '車輛行駛', '前面', '發燒', '頸', '整爛', '散播', '散播', '謠言', '散播', '前面車輛駛走', '笑', '車輛向前行駛', '車輛向前行駛', '晴朗']","['領事館', '工作', '美國', '南', '任何人', '決定', '有', '對', '屋', '代表', '發言', '說', '<X>', '關閉', '領事館', '想', '保護', '美國', '知識', '權']",0.0
2020-07-26/017695-017907,"['不同', '甲', '批評', '領士', '委', '按鍵', '被邀請', '已經', '遊行', '躺', '躺', '所有', '所有', '所有', '團結', '交易', '<BAD>']","['英國', '政府', '權力', '名字', '約', '計劃', '我', '想', '反叛', '法', '規則', '修改', '內地', '俄羅斯', '影響', '防', '能']",0.0
2020-07-26/030617-030776,"['肯定', '粥', '留在', '粥', '高爾夫球', '粥', '參', '冷清', '成功或失敗', '<BAD>', '<BAD>', '<BAD>', '<BAD>', '<BAD>']","['日本', '工作', '北', '海', '名字', '多', '主要', '範圍', '三', '比', '一', '打敗', '橫', '水']",0.0
2020-07-27/003091-003260,"['將', '對', '外地', '家中', '放上去', '車輛高速駛過', '勝利', '居住', '複製', '昨日', '堅強', '字典', '利器', '用利器劃傷', '記者', '<BAD>']","['飲', '食', '喫', '藥', '滿', '歲', '兩', '沒', '合理', '解釋', '能', '免', '街', '吸煙', '免', '禁止']",0.0
2020-07-27/026405-026761,"['將軍澳', '印度', '退休', '佛', '恭喜', '開槍', '員', '開槍', '酒精', '按壓', '太古', '園', '樣子', '表情', '結婚', '食飯', '網上', '網上', '發現', '發現', '顯示', '開槍', '<BAD>', '<BAD>', '<BAD>', '<BAD>']","['美國', '駐', '內地', '城', '這', '真', '領事館', '早上', '關門', '正', '門', '入', '北京', '外', '交', '組', '說', '美國', '關門', '<MUMBLE>', '入', '內地', '領事館', '這', '對', '反應']",0.0
2020-07-27/027045-027245,"['鐵', '之後來', '衣服', '店', '專車', '捉去', '讀書', '樽', '油', '健身', '簿', '記得', '跨欄', '尊重']","['今', '員工', '隊', '美國', '海', '軍', '今', '駐', '散', '今', '命令', '旗', '降下', '給']",0.0
2020-07-30/013889-014018,"['你', '請假', '樂', '打擊', '打擊', '奧運', '<BAD>']","['麻煩', '禁止', '坐', '兩', '天', '明天', '重複']",0.0
2020-07-31/004164-004328,"['銅鑼灣', '跑步', '跑步', '跑步', '混合', '園區', '明顯', '<BAD>', '<BAD>']","['不一定', '這', '情況', '人', '人流', '聚合', '嚴重', '危險', '影響']",0.0
2020-08-01/016900-017039,"['歡迎', '市民', '市民', '恭喜', '市民', '分', '火車', '<BAD>', '<BAD>', '<BAD>', '<BAD>']","['年齡', '八', '九', '女', '屯門', '康', '和', '老人', '分院', '黃', '金']",0.0
2020-08-01/021446-021711,"['男子', '題目', '轉', '早', '行為', '成功', '空', '審理', '將', '拖地', '文件', '入院', '農鄉', '容易', '用布遮蓋', '<BAD>', '<BAD>', '<BAD>', '<BAD>', '<BAD>', '<BAD>', '<BAD>', '<BAD>', '<BAD>', '<BAD>', '<BAD>', '<BAD>', '<BAD>', '<BAD>', '<BAD>']","['我', '估計', '減', '一定', '幫', '能', '醫', '管', '屋', '估計', '<MUMBLE>', '亞', '博覽', '屋', '兩', '房間', '能', '給', '四', '百', '牀', '但是', '有', '技術', '問題', '需要', '處理', '日期', '開始', '未']",0.0
2020-08-01/025069-025151,"['溫度', '溫度', '逹到', '打包', '示威', '等候', '<BAD>', '<BAD>', '<BAD>']","['', '澳門', '三', '風', '提醒', '估計', '晚上', '依然', '會']",0.0
2020-08-01/025688-025892,"['N', '報紙', '莫斯科', '紅場', '熱心', '籌集', '不懂', 'Q', '抵', '直播', '女兒', '麵包', '找', '溫暖', '回家', '<BAD>', '<BAD>', '<BAD>', '<BAD>', '<BAD>']","['大', '連', '說', '十', '三', '命令', '命令', '命令', '要', '全部', '合作', '防', '肺', '特別', '沒', '特別', '需要', '去', '另', '不能']",0.0
2020-08-02/009671-010002,"['富豪', '經常', '課', '課', '關係', '草地', '館', '不得', '年級', '哪裏來', '火熱', '勝', '輕微', '沙田', '駡', '話', '貨運', '騎', '電單車', '動物', '捉', '申請人', '小時', '<BAD>', '<BAD>', '<BAD>', '<BAD>', '<BAD>', '<BAD>', '<BAD>', '<BAD>', '<BAD>', '<BAD>', '<BAD>', '<BAD>', '<BAD>']","['亞洲', '博物館', '開始', '完', '開始', '接受', '接受', '普通', '或者', '身體', '看不見', '生病', '有', '新', '冠狀', '肺', '炎', '人', '入院', '真', '<BAD>', '政府', '<BAD>', '權力', '<MUMBLE>', '醫療', '管理', '屋', '有權力的人', '名字', '說', '信', '這', '減少', '久等', '時間']",0.0
2020-08-04/023455-023765,"['馬來西亞', '武漢病毒', '武漢病毒', '應變', '離開家', '燃燒', '這裡', 'A', '生日', 'P', '熟識', '下架', '艹', '艹', '給她', '交流', '橫蠻', '關閉', '力', '<BAD>', '<BAD>', '<BAD>', '<BAD>', '<BAD>', '<BAD>', '<BAD>', '<BAD>', '<BAD>']","['', '部分', '<BAD>', '想', '煽動', '或者', '部分', '議員', '繼續', '<BAD>', '可能', '<BAD>', '安全', '法', '規則', '放入', '完', '有', '部分', '行為', '<BAD>', '人', '經常', '基本', '會', '嚴重', '這', '行為']",0.03571428571428571
2020-08-05/024272-024543,"['所謂', '新聞', '鑽石', '鑽石', '員工', '今個', '期待', '聲', '丟臉', '初', '部門', '大幅增加', '部門', '阻擋', '阻擋', '顧問', '顧問', '請', '請', '<BAD>', '<BAD>', '<BAD>', '<BAD>', '<BAD>', '<BAD>', '<BAD>', '<BAD>']","['<X>', '<MUMBLE>', '<MUMBLE>', '這', '香港', '這', '香港', '在', '成立', '這', '內地', '機構', '這', '全部', '要', '再', '各種', '<BAD>', '公司', '負責', '組', '組', '這', '支持', '服務', '不知道', '資料']",0.0
2020-08-06/000422-000635,"['害', '外出', '投票', '過去', '假期', '購買或', '沒有辦法', '沒有辦法', '脫下口罩', '簽名', '來回', '來回', '制', '制', '怎麼辦', '怎麼辦', '湧去', '<BAD>', '<BAD>', '<BAD>', '<BAD>', '<BAD>', '<BAD>', '<BAD>', '<BAD>']","['新', '冠狀', '肺', '炎', '再', '加', '九', '五', '証實', '証實', '病', '內', '有', '九', '五', '爆', '傳染', '擴散', '有', '超', '四', '十', '百分比', '哪裏來', '不知道']",0.0
2020-08-09/011167-011449,"['滙豐', '臺', '手拿', '押後', '特首', '特別', '州', '華為', '建', '英', '行政', '行', '被', '梁', '禁止', '中國為', '丟', '熱', '壞心腸', '感染我', '<BAD>', '<BAD>', '<BAD>', '<BAD>', '<BAD>', '<BAD>', '<BAD>', '<BAD>', '<BAD>', '<BAD>', '<BAD>', '<BAD>', '<BAD>']","['宿舍', '一', '個', '月', '兩', '個', '月', '三', '個', '月', '負責', '他', '希望', '檢測', '<X>', '看不到', '收藏', '人', '我', '擔心', '不知道', '<BAD>', '成功', '有', '<BAD>', '或者', '沒', '事', '希望', '全部', '沒', '事', '']",0.06060606060606061
2020-08-09/011462-011764,"['選舉事務處', '選民', '切割', '切割', '最少', '登記', '登記', '過後', '酒精', '大量', '立場', '配合', '事情', '處所', '左右', '訂立', '貨運', '西蘭', '切割', '精彩', '捉', '申請人', '直到', '<BAD>', '<BAD>', '<BAD>', '<BAD>', '<BAD>', '<BAD>', '<BAD>', '<BAD>', '<BAD>']","['真', '現在', '全部', '有', '一', '千', '二', '百', '<MUMBLE>', '公司', '介紹', '計劃', '這', '喜歡', '不喜歡', '自', '決定', '中', '區域', '宿舍', '這', '強迫', '全部', '要', '檢測', '如果', '檢測', '不', '要', '趕走', '電視廣播有限公司', '報導']",0.0
2020-08-09/018126-018243,"['天文臺', '法國', '出任', '天文臺', '天文臺', '那裏來', '炎熱', '引發', '<BAD>']","['張', '中', '懲罰', '美國', '對於', '香港', '內地', '負責', '懲罰']",0.0
2020-08-10/005330-005470,"['成立', '波', '經歷', '私人', '意大利', '意大利', '參', '封', '即刻', '<BAD>']","['警察', '安全', '屋', '商業', '各種', '壞心腸', '調查', '負責', '到', '到']",0.0
2020-08-11/006246-006347,"['葵涌', '平衡', '弊', '維修', '<BAD>', '<BAD>', '<BAD>', '<BAD>', '<BAD>', '<BAD>', '<BAD>']","['繼續', '出任', '依然', '立', '法', '會', '希望', '他', '珍惜', '這', '機會']",0.0
2020-08-11/023220-023574,"['模仿', '縣市', '廣播', '喊聲', '救命', '阻止', '西灣河', '詳文', '利息', '招集', '鍾', '寬鬆', '寬鬆', '傳播', '排序', '排序', '排序', '包', '家庭', '螺絲', '斷', '麥克風', '減輕', '店舖', '<BAD>', '<BAD>', '<BAD>', '<BAD>', '<BAD>', '<BAD>', '<BAD>', '<BAD>', '<BAD>', '<BAD>', '<BAD>', '<BAD>', '<BAD>', '<BAD>', '<BAD>', '<BAD>']","['華', '醫', '屋', '過程', '有', '病', '証實', '証實', '証實', '多', '政府', '負責', '説', '名字', '勇', '估', '全部', '醫', '屋', '內', '感染', '感染', '現在', '這', '証實', '肺', '炎', '人', '病', '護士', '醫生', '研究', '另', '病', '人', '全部', '化驗', '化驗', '沒', '事']",0.0
2020-08-11/026252-026384,"['全世界', '土瓜灣', '兩手', '到今', '到今', '喫', '喫', '<BAD>', '<BAD>', '<BAD>', '<BAD>', '<BAD>', '<BAD>', '<BAD>', '<BAD>', '<BAD>']","['另', '剛剛', '証實', '肺', '炎', '男', '護士', '估計', '社', '區域', '傳染', '感染', '病', '病', '人', '無關']",0.0
2020-08-11/032088-032191,"['取代', '天上', '向下看', '集中', '複制', '霸佔', '霸佔', '<BAD>', '<BAD>', '<BAD>', '<BAD>', '<BAD>']","['溫度', '二', '十', '七', '至', '三', '十', '一', '風', '南', '東', '南']",0.0
2020-08-13/001329-001439,"['葵涌', '碼頭', '批准', '維修', '情緒', '<BAD>', '<BAD>', '<BAD>', '<BAD>']","['<MUMBLE>', '請看', '香港', '加', '六', '九', '冠狀', '肺', '炎']",0.0
2020-08-13/002032-002392,"['美容', '大樓', '為甚麼', '樣子', '伯', '朱', '被抬', '曾', '玉', '聯賽', '射門', '站上', '身份', '身份', '溫度上升', '賓菲加', '賓菲加', '整齊', '吹風', '抬', '兆', '領先', '資料', '身份', '來回進出', '出耀', '<BAD>', '<BAD>', '<BAD>', '<BAD>', '<BAD>', '<BAD>', '<BAD>', '<BAD>']","['一', '以前', '印尼', '宿舍', '旺角', '九', '樓', '屋', '負責', '家', '人', '有', '証實', '肺', '炎', '衞生', '防', '中', '心', '這', '不', '合作', '真', '警察', '部門', '聯絡', '談', '情況', '他', '登記', '登記', '登記', '記錄', '沒']",0.0
2020-08-13/003437-003757,"['移民', '説', '辛苦', '有地方', '嚴厲', '夏天', '席', '說話', '建', '抹', '座', '座', '遏止', '爭辯', '時段', '長條紙', '長條紙', '被擋', '存入', '存入', '衣領', '衣領', '<BAD>', '<BAD>', '<BAD>', '<BAD>', '<BAD>', '<BAD>', '<BAD>', '<BAD>']","['', '以前', '機', '隊', '男', '警察', '星期日', '証實', '肺', '炎', '數天', '後', '開始', '說', '証實', '肺', '炎', '化驗', '有', '少許', '寄信', '錯', '留意', '很久', '証實', '沒', '追', '再', '原來', '漏']",0.0
2020-08-13/007779-007879,"['中午', '經常', '全滅', '賣出', '容忍', '調查', '估到', '<BAD>', '<BAD>']","['好像', '我', '好像', '街', '老鼠', '捉', '捉', '好像', '稱呼自己']",0.0
2020-08-13/008419-008582,"['現金', '冠狀', '葵涌', '毒', '毒', '被捉', '隧道', '隧道', '抗爭', '地盤', 'P', '八逹通', '<BAD>']","['工作', '內', '限制', '內地', '限制', '嚴', '加', '不理會', '兩', '困難', '給', '回家', '安全']",0.0
2020-08-14/000402-000639,"['今年', '無辜', '火警', '年長', '宴會', '衝去', '開始香', '呼籲', '呼籲', '影響我', '車來回', '舉起', '南部', '<BAD>', '<BAD>', '<BAD>', '<BAD>', '<BAD>', '<BAD>', '<BAD>', '<BAD>', '<BAD>', '<BAD>', '<BAD>', '<BAD>', '<BAD>', '<BAD>']","['肉', '貨', '公司', '名字', '丹麥', '皇', '土生土長', '名字', '哥', '真', '根', '<X>', '超', '一', '百', '幾', '<MUMBLE>', '肺', '炎', '以前', '六', '月', '前', '貨', '香港', '有', '賣']",0.0
2020-08-14/006358-006439,"['全國', '起牀', '單對單', '領事', '<BAD>']","['小心', '留意', '日期', '哪裏來', '貨']",0.0
2020-08-14/014539-014719,"['距離', '星體運行', '廣播', '星體運行', '盡力', '霧', '霧', '霧', '求', '文件夾', '<BAD>', '<BAD>', '<BAD>', '<BAD>', '<BAD>', '<BAD>']","['政府', '有權力的人', '林', '月', '說', '鼓勵', '參加', '這次', '八', '月', '準備', '開始', '說', '免費', '檢測', '新冠肺炎']",0.0
2020-08-14/014861-015017,"['新加坡', '類別', '馬鞍山', '城市', '表情', '跪', '沉船', '行山', '降下', '降下', '<BAD>', '<BAD>', '<BAD>', '<BAD>', '<BAD>', '<BAD>', '<BAD>', '<BAD>', '<BAD>', '<BAD>']","['<BAD>', '林', '月', '上', '網', '說', '一', '月', '直至', '現在', '政府', '安排', '冠狀', '肺', '炎', '檢測', '超', '一', '百', '萬']",0.0
2020-08-14/018198-018518,"['啤酒', '唱歌', '唱歌', '馬', '相差', '啤酒', '跳舞', '節', '教育', '教育', '追蹤', '麻將', '教育', '教育', '病房', '元', '成功', '化學', '斜坡', '<BAD>', '<BAD>', '<BAD>', '<BAD>', '<BAD>', '<BAD>', '<BAD>', '<BAD>', '<BAD>', '<BAD>', '<BAD>']","['香港', '政府', '<MUMBLE>', '新', '冠狀', '肺', '炎', '影響', '嚴重', '全世界', '本地', '香港', '經濟', '貨', '全部', '第', '一', '日期', '期間', '下降', '九', '點', '一', '第', '二', '日期', '下降', '九', '依然', '弱']",0.0
2020-08-14/023018-023251,"['過去', '韓國', '回答', '稅', '毫米', '女兒', '東海', '靠', '環境', '支付', '環境', '貨品', '訟費', '貨品', '波子', '一起向前', '付錢', '<BAD>', '<BAD>', '<BAD>', '<BAD>', '<BAD>', '<BAD>', '<BAD>', '<BAD>', '<BAD>', '<BAD>', '<BAD>']","['全部', '計算', '完', '今', '年', '頭', '七', '個', '月', '全部', '工作', '六', '七', '一', '萬', '人', '七', '月', '工作', '失業', '六', '月', '一', '樣', '五', '至', '七', '百分比']",0.0
2020-08-15/004008-004242,"['剛才', '剛才', '話', '話', '目的', '話', '社區', '分裂', '責任', '責任', '<BAD>', '<BAD>', '<BAD>', '<BAD>', '<BAD>', '<BAD>']","['最近', '情況', '社', '交流', '活動', '暫停', '完全', '不', '部分', '聚集', '<BAD>', '喫飯', '各種', '有', '擔心', '依然']",0.0625
2020-08-15/008974-009217,"['香港國安法', '工會', '貴', '因為', '因為', '了', '稱呼', '電視', '試過', '試過', '退化', '聽到', '交通', '<BAD>', '<BAD>', '<BAD>', '<BAD>', '<BAD>', '<BAD>', '<BAD>', '<BAD>']","['非', '前', '<BAD>', '血', '抽', '其實', '捉去', '危險', '高', '病', '血', '抽', '擔心', '傳染', '危險', '加', '高', '抽', '血', '負責', '告訴我']",0.0
2020-08-15/009709-009831,"['行政長官', '蘇豪區', '十全十美', '搶掠', '不到', '那裏來', '商舖', '<BAD>', '<BAD>']","['去', '去', '去', '房', '去', '去', '去', '傳染', '危險']",0.0
2020-08-16/000401-000490,"['銅鑼灣', '雙方', '人流', '人流', '<BAD>', '<BAD>', '<BAD>', '<BAD>', '<BAD>', '<BAD>', '<BAD>']","['冠', '狀', '肺', '炎', '証明', '証實', '一', '日', '下降', '七', '四']",0.0
2020-08-16/004925-005071,"['全世界', '涼快', '便衣', '土', '弟弟', '明日', '改過', '典', '炒', '揮手', '<BAD>', '<BAD>', '<BAD>', '<BAD>']","['另', '四', '進來', '包括', '一', '菲律賓', '負責', '請', '另', '三', '印度', '回來', '香港', '人']",0.0
2020-08-16/005830-005953,"['經常', '經常', '工具', '食', '華', '消除', '外賣回去', '經常', '經常', '洗手', '洗手', '洗手', '<BAD>']","['給', '長', '時間', '高', '危險', '工作', '負責', '錢', '資助', '緊急', '處理', '錢', '會']",0.0
2020-08-16/019045-019241,"['距離', '試過', '以往', '衣', '鄉', '站成', '免', '國際', '下降', '跟從', '電臺', '播放', '集合', '集合', '護照', '表格']","['經濟', '<BAD>', '下降', '<MUMBLE>', '要', '考慮', '內地', '', '周轉', '希望', '健康', '號碼', '快', '掃描二維碼', '開始', '說']",0.0
2020-08-17/008109-008271,"['目的', '夢', '數據', '談話', '談話', '談話近', '不信', '不信', '<BAD>', '<BAD>', '<BAD>', '<BAD>', '<BAD>', '<BAD>']","['這', '政府', '負責', '運輸', '屋', '再', '船', '這', '公司', '<MUMBLE>', '開會', '休息', '安排', '談']",0.0
