Y_test,Y_pred,accuracy
影響 這些 客 人 感覺 急,影響 這些 客 人 感覺 急,1.0
特別 甚麼 地方 關於 收入 但是 同時 其實 支出 減 不 經濟 下降,特別 甚麼 地方 關於 收入 但是 同時 其實 支出 減 不 經濟 下降,1.0
但是 政府 陳 波 說 支出 繼續 加 今 年 <X> 經濟 退步 沒 估 二 零 二 三 二 零 二 四 左右 月 月 十 九 支出,但是 政府 陳 波 說 支出 繼續 加 今 年 <X> 經濟 退步 沒 估 二 零 二 三 二 零 二 四 左右 月 月 十 九 支出,1.0
天氣 情況 現在 上升 一 八 有 濕 百分比 七 十,天氣 情況 現在 上升 一 八 有 濕 百分比 七 十,1.0
名字 下 說 香港 長 立 國 安全 規則 不 未來 某些人 容易 入侵 破壞 破壞 <MUMBLE> 破壞 一 國 兩 制,名字 下 說 香港 長 立 國 安全 規則 不 未來 某些人 容易 入侵 破壞 破壞 <MUMBLE> 破壞 一 國 兩 制,1.0
男 病 沙 佐敦 醫院 分開 治療 轉 <BAD> 送 另 名字 馬 醫院 分開,男 病 沙 佐敦 醫院 分開 治療 轉 <BAD> 送 另 名字 馬 醫院 分開,1.0
不能 限制 買 字 不能 要 保護 口罩 賣 <X> 能,不能 限制 買 字 不能 要 保護 口罩 賣 <X> 能,1.0
工作 錢 加 或者 上升 政府 答 要 包括 甚麼 五 這 這 這,工作 錢 加 或者 上升 政府 答 要 包括 甚麼 五 這 這 這,1.0
國 衞生 健康 委員會 說 肺 炎 有 重要 呼吸 打噴嚏 飛沫 傳染 或者 接觸 傳染 能,國 衞生 健康 委員會 說 肺 炎 有 重要 呼吸 打噴嚏 飛沫 傳染 或者 接觸 傳染 能,1.0
說 發燒 各種 有否 日 十 四 內 有否 去 武漢 曾經 返 香港 人 比 以前 兩 日 前 多 後 排隊 時間 長 完 負責 海關 口罩 有 護目鏡 加,說 發燒 各種 有否 日 十 四 內 有否 去 武漢 曾經 返 香港 人 比 以前 兩 日 前 多 後 排隊 時間 長 完 負責 海關 口罩 有 護目鏡 加,1.0
醫生 組 覺得 困難 決定 請假 為何 批評 政府 一直 處理 好 內地 來 香港 危險 沒,醫生 組 覺得 困難 決定 請假 為何 批評 政府 一直 處理 好 內地 來 香港 危險 沒,1.0
政府 現在 內地 政府 合作 包括 海 關,政府 現在 內地 政府 合作 包括 海 關,1.0
估 會 進 一 步 賣 賣 賣 貨 有,估 會 進 一 步 賣 賣 賣 貨 有,1.0
差不多 日 半 <MUMBLE> 歐洲 解除合作關係 <MUMBLE> <BAD> <BAD> <MUMBLE> 名字,差不多 日 半 <MUMBLE> 歐洲 解除合作關係 <MUMBLE> <BAD> <BAD> <MUMBLE> 名字,1.0
今日 暫時 新 加 肺 炎 沒 全部 計算 有 十 三 仍然,今日 暫時 新 加 肺 炎 沒 全部 計算 有 十 三 仍然,1.0
家 靠 媽媽 一 工作 收入 低 但是 口罩 加價,家 靠 媽媽 一 工作 收入 低 但是 口罩 加價,1.0
內地 新 肺 炎 確定 病 加 一 萬 一 千 八 百 全部 二 百 五 十 九 人 死亡 <X> 超 二 七 零 人 康復,內地 新 肺 炎 確定 病 加 一 萬 一 千 八 百 全部 二 百 五 十 九 人 死亡 <X> 超 二 七 零 人 康復,1.0
聯署 <X> 區域 議員 深水埗 區域 議員 估 最 快 星期 一 召集 緊急 開會 談,聯署 <X> 區域 議員 深水埗 區域 議員 估 最 快 星期 一 召集 緊急 開會 談,1.0
歲 二 十 英國 年輕 名字 O 說 脫離 歐洲 英國 會 自 權 能,歲 二 十 英國 年輕 名字 O 說 脫離 歐洲 英國 會 自 權 能,1.0
真 報紙 著名 嚇 有關 多 勝過 林 有 錯失 比 勝過 加 變 上升 第 三 有 <MUMBLE> 有 <MUMBLE> 喜歡,真 報紙 著名 嚇 有關 多 勝過 林 有 錯失 比 勝過 加 變 上升 第 三 有 <MUMBLE> 有 <MUMBLE> 喜歡,1.0
香港 仍然 一 五 新 人 肺 炎,香港 仍然 一 五 新 人 肺 炎,1.0
政府 做 不 外國 政府 覺得 香港 沒 事 感覺 另 國 跟 做 死亡 死亡,政府 做 不 外國 政府 覺得 香港 沒 事 感覺 另 國 跟 做 死亡 死亡,1.0
今 溫度 一 九 濕 百分比 七 四,今 溫度 一 九 濕 百分比 七 四,1.0
急 不 變 急 等 久 今 知 擔心 有 如果 去 前 有 某人 感染 有 我 去 不 說 真,急 不 變 急 等 久 今 知 擔心 有 如果 去 前 有 某人 感染 有 我 去 不 說 真,1.0
口罩 買 賣 有 區域 區域 看 通宵 看 天天 看,口罩 買 賣 有 區域 區域 看 通宵 看 天天 看,1.0
入境 人 入 真 地址 給我 告訴 要 如果 迫 住 這 全部 資料 寄 會 全部 資料 家人 分開 不要 但是 家人 探訪 不能,入境 人 入 真 地址 給我 告訴 要 如果 迫 住 這 全部 資料 寄 會 全部 資料 家人 分開 不要 但是 家人 探訪 不能,1.0
新聞 時間 看 香港 <MUMBLE> 情況,新聞 時間 看 香港 <MUMBLE> 情況,1.0
 嚴 管 有關 一 百 六 一 真 內 有 香港 人 一 百 四 三 人, 嚴 管 有關 一 百 六 一 真 內 有 香港 人 一 百 四 三 人,1.0
小心 處理 專業 建議 全部 船 內 員工 全部 新 肺 炎 化驗 評估,小心 處理 專業 建議 全部 船 內 員工 全部 新 肺 炎 化驗 評估,1.0
有 某些 取 票 不能 房 內 爭吵 浪費 我 時間 排隊 五 小時,有 某些 取 票 不能 房 內 爭吵 浪費 我 時間 排隊 五 小時,1.0
政府 做 有 考慮 清楚 要否 放 酒精 搓手 或者 防 其他 放 放 要否,政府 做 有 考慮 清楚 要否 放 酒精 搓手 或者 防 其他 放 放 要否,1.0
名字 名字 上 流 生 生 非 英文 電影 讚賞 好 電影,名字 名字 上 流 生 生 非 英文 電影 讚賞 好 電影,1.0
美國 組 法 控告 內地 軍 會 四 懷疑 信 入 資料 取 一 點 五 億 人 個人 資料 北京 外 <MUMBLE> 控告 反對,美國 組 法 控告 內地 軍 會 四 懷疑 信 入 資料 取 一 點 五 億 人 個人 資料 北京 外 <MUMBLE> 控告 反對,1.0
今 <MUMBLE> 懷疑 病 或者 衞生 細胞 病 毒 發燒 人 今 這 人 証實 接觸 人 這些 分離 分離 管理,今 <MUMBLE> 懷疑 病 或者 衞生 細胞 病 毒 發燒 人 今 這 人 証實 接觸 人 這些 分離 分離 管理,1.0
部分 人 香港 証實 証實 証實 可能 要 等 兩 星期 至 三 星期 後 入院 這 完 走 能,部分 人 香港 証實 証實 証實 可能 要 等 兩 星期 至 三 星期 後 入院 這 完 走 能,1.0
另 的士 司機 今 暫時 有 病 傳染,另 的士 司機 今 暫時 有 病 傳染,1.0
計算 昨天 第 一 批准 部分 船 人下船 有 另 五 百 人 船 人下船,計算 昨天 第 一 批准 部分 船 人下船 有 另 五 百 人 船 人下船,1.0
教育 屋 說 香港 全部 學校 最 早 三 月 十 六 日 復 課 但是 定 日期 我 看 情況 病 病 如何 學校 準備 遲 全部 口罩 清理 各種 準備 完成 再 決定,教育 屋 說 香港 全部 學校 最 早 三 月 十 六 日 復 課 但是 定 日期 我 看 情況 病 病 如何 學校 準備 遲 全部 口罩 清理 各種 準備 完成 再 決定,1.0
希望 大家 知道 剛才 多謝 國泰 飛機 員工,希望 大家 知道 剛才 多謝 國泰 飛機 員工,1.0
意大利 命令 完 飛機 接收 全部 船 內 人 返 意大利 發生 死亡 情況 一 死亡 地方 北 威 屬於,意大利 命令 完 飛機 接收 全部 船 內 人 返 意大利 發生 死亡 情況 一 死亡 地方 北 威 屬於,1.0
今年 一直 新界 北 說 便利店 打劫 打劫 加 十 一 拘捕 三 年輕 有關 多 打劫,今年 一直 新界 北 說 便利店 打劫 打劫 加 十 一 拘捕 三 年輕 有關 多 打劫,1.0
想 影響 混亂 研究 模糊 誤會 不同 人 全部 合作,想 影響 混亂 研究 模糊 誤會 不同 人 全部 合作,1.0
出錢 這 甚麼 人們 老 這些 加價 加價 後 或者 醫療 或者 社 福利 出錢 出錢 肯定 上升 會,出錢 這 甚麼 人們 老 這些 加價 加價 後 或者 醫療 或者 社 福利 出錢 出錢 肯定 上升 會,1.0
國 組 名字 名字 鍾 說 信心 能 內地 管 能 肺 肺 今 即刻 來源 內地 這 哪裡 來 肯定 內地 不一定,國 組 名字 名字 鍾 說 信心 能 內地 管 能 肺 肺 今 即刻 來源 內地 這 哪裡 來 肯定 內地 不一定,1.0
真 真 某些 專業 發現 新型冠狀 肺 炎 人 傳 人 容易 多 人 人 傳染 感染 少 直接 接觸 人 感染 少,真 真 某些 專業 發現 新型冠狀 肺 炎 人 傳 人 容易 多 人 人 傳染 感染 少 直接 接觸 人 感染 少,1.0
懷疑 有 兩 定 有 肺 炎 有 兩 懷疑 公主 鑽石 化驗 有 病 毒 防,懷疑 有 兩 定 有 肺 炎 有 兩 懷疑 公主 鑽石 化驗 有 病 毒 防,1.0
知道 有 過程 解剖 <BAD> 這 研究,知道 有 過程 解剖 <BAD> 這 研究,1.0
目的 鼓勵 自 控制 錢 支出 有 <MUMBLE> 想 申請 困難 最 困難 甚麼 找 錢 合理 有 貨 布 各種,目的 鼓勵 自 控制 錢 支出 有 <MUMBLE> 想 申請 困難 最 困難 甚麼 找 錢 合理 有 貨 布 各種,1.0
有 部分 工作 要 做 家 內 不 方便,有 部分 工作 要 做 家 內 不 方便,1.0
金 管 屋 說 樓 或者 反口 反口 真 真 要 時間 看 要否 給 容易 計劃 規則,金 管 屋 說 樓 或者 反口 反口 真 真 要 時間 看 要否 給 容易 計劃 規則,1.0
瞭解 詳細 康 文 全部 資源 附近 街 或者 地方 起名 名字 會 <MUMBLE>,瞭解 詳細 康 文 全部 資源 附近 街 或者 地方 起名 名字 會 <MUMBLE>,1.0
要 想 快 安排 返 香港 檢測 工 聯 會 建 規則 組 覺得 要 兩地 這裡 遠 要 接收 接收 返 香港 要,要 想 快 安排 返 香港 檢測 工 聯 會 建 規則 組 覺得 要 兩地 這裡 遠 要 接收 接收 返 香港 要,1.0
風 東 未來 兩 天 三 天 變 暖 早 晚 霧 有,風 東 未來 兩 天 三 天 變 暖 早 晚 霧 有,1.0
今 計算 全部 五 百 全部 計算 計算 超 一 半 西 北 地方,今 計算 全部 五 百 全部 計算 計算 超 一 半 西 北 地方,1.0
如果 一 點 四 死亡 百分之 意思 多 多 多,如果 一 點 四 死亡 百分之 意思 多 多 多,1.0
今 真 真 真 泊船 時間 不知 知 我們 急 快 送 回家,今 真 真 真 泊船 時間 不知 知 我們 急 快 送 回家,1.0
新 公開 有關 買 超 一 千 幾 千 倍 倍 真 名字 名字 興 有關 穩定 仍然 股票 高 二 十 百分比 <MUMBLE>,新 公開 有關 買 超 一 千 幾 千 倍 倍 真 名字 名字 興 有關 穩定 仍然 股票 高 二 十 百分比 <MUMBLE>,1.0
可能 有 部分 有 用 能 例如 聯絡 已經 海 關 同 事 幫 幫 有,可能 有 部分 有 用 能 例如 聯絡 已經 海 關 同 事 幫 幫 有,1.0
多 國 旅遊 限制 嚴重 影響 旅行團 公司 經濟 組 希望 政府 宣傳 多 另 補 解決 困難 方法 規則 計劃,多 國 旅遊 限制 嚴重 影響 旅行團 公司 經濟 組 希望 政府 宣傳 多 另 補 解決 困難 方法 規則 計劃,1.0
死亡 死亡 人 家 人 有關 人 說 道歉,死亡 死亡 人 家 人 有關 人 說 道歉,1.0
說 有否 機會 傳染 真 困難 說 入院 全部 控告 呼吸道 感染 情況 看 沒 發燒 沒,說 有否 機會 傳染 真 困難 說 入院 全部 控告 呼吸道 感染 情況 看 沒 發燒 沒,1.0
海 關 賣 賣 發現 四 口罩 菌 超 要求 拘捕 四 藥 房 負責人 說 全部 用 不能,海 關 賣 賣 發現 四 口罩 菌 超 要求 拘捕 四 藥 房 負責人 說 全部 用 不能,1.0
政府 說 有 關 各地 各地 各地 情況 會 看 如何 變 方法 會,政府 說 有 關 各地 各地 各地 情況 會 看 如何 變 方法 會,1.0
三 月 變 暖 多 各區 各區 各區 花 花 花 等 恢復 看 花,三 月 變 暖 多 各區 各區 各區 花 花 花 等 恢復 看 花,1.0
政府 快 下 星期 二 命令 第 二 飛機 到 湖北 香港 幹涉 接收 接收 武漢 武漢 城巿 全部 計算 計算 七 百 幾,政府 快 下 星期 二 命令 第 二 飛機 到 湖北 香港 幹涉 接收 接收 武漢 武漢 城巿 全部 計算 計算 七 百 幾,1.0
給 能 檢測 化驗 樣本樽 給 給 給 人人 能,給 能 檢測 化驗 樣本樽 給 給 給 人人 能,1.0
美國 推卸 責任 代 減 輕 美國 內 病 不 外 交 部 發表 說 提醒 美國 要 變 防 工作 處理 好,美國 推卸 責任 代 減 輕 美國 內 病 不 外 交 部 發表 說 提醒 美國 要 變 防 工作 處理 好,1.0
再 加 人 一 六 証實 肺 新型冠狀 再 包括 有 孕婦 計算 累計 超 二 百,再 加 人 一 六 証實 肺 新型冠狀 再 包括 有 孕婦 計算 累計 超 二 百,1.0
計算 全部 二 千 六 百 死亡 一 百 零 四 學校 星期 五 下午 即 課 停 五 月 六 月 考試 取消 取消 會 包括 中學 公開 這 考試,計算 全部 二 千 六 百 死亡 一 百 零 四 學校 星期 五 下午 即 課 停 五 月 六 月 考試 取消 取消 會 包括 中學 公開 這 考試,1.0
香港 股票 反 上升 一 千 一 星期 跌 半 一 樣,香港 股票 反 上升 一 千 一 星期 跌 半 一 樣,1.0
政府 權 林 月 說 要 真 限制 限制,政府 權 林 月 說 要 真 限制 限制,1.0
要 想 問 大家 善良 心 能 看 努力,要 想 問 大家 善良 心 能 看 努力,1.0
第 一 關 違反 命令 家 留 提訊 被告 假 地址 禁止 釋放 暫時,第 一 關 違反 命令 家 留 提訊 被告 假 地址 禁止 釋放 暫時,1.0
要求 全部 美國 入境 先 要 自 隔離 留,要求 全部 美國 入境 先 要 自 隔離 留,1.0
香港 有權力的人 林 月 行政 以前 會議 以前 說 名字 張 法 主 他 厲害,香港 有權力的人 林 月 行政 以前 會議 以前 說 名字 張 法 主 他 厲害,1.0
政府 努力 管理 情況,政府 努力 管理 情況,1.0
政府 電腦 各種 活動 管理 但是 工作 飛機 人 多 人 回來 上 星期 回來 人 每天 減少 昨天 三 千 過程 第 三 藍 牙 手帶 代替 最近 手帶 管理 手帶,政府 電腦 各種 活動 管理 但是 工作 飛機 人 多 人 回來 上 星期 回來 人 每天 減少 昨天 三 千 過程 第 三 藍 牙 手帶 代替 最近 手帶 管理 手帶,1.0
政府 繼續 考慮 給 飛機 接收 五 百 湖 北 人 回來 香港,政府 繼續 考慮 給 飛機 接收 五 百 湖 北 人 回來 香港,1.0
政府 繼續 兩 天 真 級 四 飛機 飛機 飛去 湖 北 接收 五 百 坐 香港 人 四 分 一 歲 十 六 以下,政府 繼續 兩 天 真 級 四 飛機 飛機 飛去 湖 北 接收 五 百 坐 香港 人 四 分 一 歲 十 六 以下,1.0
方便 時間 節省 能 事實 排隊 沒 清理 工作 很好,方便 時間 節省 能 事實 排隊 沒 清理 工作 很好,1.0
任何 人 想 好 工作 仍然 我們 聆聽 建議 視乎 知道 情況,任何 人 想 好 工作 仍然 我們 聆聽 建議 視乎 知道 情況,1.0
廣東 加強 出入 防 澳門 人 湧到 通宵 湧到 想 新 計劃 <MUMBLE> 以前 快 到 珠海 駐 澳門 記者 請看,廣東 加強 出入 防 澳門 人 湧到 通宵 湧到 想 新 計劃 <MUMBLE> 以前 快 到 珠海 駐 澳門 記者 請看,1.0
明早 轉 <MUMBLE> 東 北 至 東 北 未來 會 下雨 一 日 兩 日 濕 霧 早上 會 溫暖 現在 氣溫 二 十 五 濕度 八 十 八 百份比,明早 轉 <MUMBLE> 東 北 至 東 北 未來 會 下雨 一 日 兩 日 濕 霧 早上 會 溫暖 現在 氣溫 二 十 五 濕度 八 十 八 百份比,1.0
規矩 內 目的 甚麼 希望 想 人 聚集 禁止 <BAD> 防 傳染,規矩 內 目的 甚麼 希望 想 人 聚集 禁止 <BAD> 防 傳染,1.0
美國 冠狀 肺 炎 加 加 加 一 萬 九 千,美國 冠狀 肺 炎 加 加 加 一 萬 九 千,1.0
屋 政府 說 不知道 哪裡 來 發現 不能 加 遲 區域 看到 有 傳播,屋 政府 說 不知道 哪裡 來 發現 不能 加 遲 區域 看到 有 傳播,1.0
政府 今日 開始 禁止 <BAD> 超 四 人 <BAD> 外 聚集 多 區域 繼續 有 多 員工 聚集,政府 今日 開始 禁止 <BAD> 超 四 人 <BAD> 外 聚集 多 區域 繼續 有 多 員工 聚集,1.0
財政 負責 名字 C 波 說 <X> 兩 天 後 <X> 生意 賺 數 看 下降 繼續,財政 負責 名字 C 波 說 <X> 兩 天 後 <X> 生意 賺 數 看 下降 繼續,1.0
真 專注 甚麼 外 進來 病 加,真 專注 甚麼 外 進來 病 加,1.0
政府 說 肺 <X> 其他 感染 肺 康復 有時 進步 搬遷 另 一 個 檢測 中 心 給 房間 專門 派,政府 說 肺 <X> 其他 感染 肺 康復 有時 進步 搬遷 另 一 個 檢測 中 心 給 房間 專門 派,1.0
內地 現在 自 內地 內 肺 防 區域 其他 這 這 這 嚴 重 或者 這 國 給 支持 幫 幫 幫,內地 現在 自 內地 內 肺 防 區域 其他 這 這 這 嚴 重 或者 這 國 給 支持 幫 幫 幫,1.0
議員 覺得 這 美容 屋 內 有 傳染 危險 這 經濟 停 但是 組 他們 反對,議員 覺得 這 美容 屋 內 有 傳染 危險 這 經濟 停 但是 組 他們 反對,1.0
証實 肺 全世界 人 計算 計算 超 九 三 萬 四 萬 七 千 死亡 肺 最 嚴重 美國 一 日 加 二 萬 六 千,証實 肺 全世界 人 計算 計算 超 九 三 萬 四 萬 七 千 死亡 肺 最 嚴重 美國 一 日 加 二 萬 六 千,1.0
政府 財政司司長 名字 波 說 未來 六 個 月 經濟 不好 <BAD> 進步 不能 公司 或者 個人 自 準備 要,政府 多 名字 波 說 未來 六 個 月 經濟 不好 <BAD> 進步 不能 公司 或者 個人 自 準備 要,0.95
現在 有 擔心 繼續 分析 <MUMBLE> 要,現在 有 擔心 繼續 分析 <MUMBLE> 要,1.0
政府 三 月 二 十 九 日 開始 限制 聚集 <X> 四 人 限制 以前 聚集 禁止 屋 提醒 張貼 <X> 四 人 超 不能 聚集 有 街 人 不滿 荒謬,政府 三 月 二 十 九 日 開始 限制 聚集 <X> 四 人 限制 以前 聚集 禁止 屋 提醒 張貼 <X> 四 人 超 不能 聚集 有 街 人 不滿 荒謬,1.0
 病 肺炎 情況 延後 有關 抽 居屋 網上 說 直播, 病 肺炎 情況 延後 有關 抽 居屋 網上 說 直播,1.0
最後 看 天氣 雲 多 <X> 有時 大雨 今 晚上 明天 早上 清涼 最 低 溫度 十 六,最後 看 天氣 雲 多 <X> 有時 大雨 今 晚上 明天 早上 清涼 最 低 溫度 十 六,1.0
新聞 時間 繼續 關於 香港 情況 經濟,新聞 時間 繼續 關於 香港 情況 經濟,1.0
這 威 權 屋 這 <BAD> 千 足球 場地 變 暫時 醫 屋 給 給 牀 牀 二 千 星期日 開始 接收 某些 醫療 管理 要,這 威 權 屋 這 <BAD> 千 足球 場地 變 暫時 醫 屋 給 給 牀 牀 二 千 星期日 開始 接收 某些 醫療 管理 要,1.0
雷暴 地區 有時 地方 看 看不到 溫度 一 九 二 五 下 星期 六 星期日 星期 一 星期 二 陽光 乾 早 晚 涼,雷暴 地區 有時 地方 看 看不到 溫度 一 九 二 五 下 星期 六 星期日 星期 一 星期 二 陽光 乾 早 晚 涼,1.0
這些 網上 名字 容易 變 或者 取消 看不到 找 找 找不到 想 記錄 這 有 這 用 號碼 這 獨立 一 個 一 個 一 個 如果 研究 多 容易,這些 網上 名字 容易 變 或者 取消 看不到 找 找 找不到 想 記錄 這 有 這 用 號碼 這 獨立 一 個 一 個 一 個 如果 研究 多 容易,1.0
天氣 情況 雲 多 風 輕 東 南 晚 北 風 加 有時 雨 區域 地方 打雷 早 晚 涼 最 低 十 六,天氣 情況 雲 多 風 輕 東 南 晚 北 風 加 有時 雨 區域 地方 打雷 早 晚 涼 最 低 十 六,1.0
真 內 新 計算 一 數,真 內 新 計算 一 數,1.0
香港 加 新 四 新冠 肺 炎 三 月 中 全部 現在 第 一 次 一 位 計算 計算 一 零 零 四 病 病 計算 計算 下降 有 代表 病 控制 能 不,香港 加 新 四 新冠 肺 炎 三 月 中 全部 現在 第 一 次 一 位 計算 計算 一 零 零 四 病 病 計算 計算 下降 有 代表 病 控制 能 不,1.0
但是 代表 能 殺 裡面 細菌 不 ,但是 代表 能 殺 裡面 細菌 不 ,1.0
香港 買 買 負責 說 現在 內地 運貨 活 豬 下降 <MUMBLE> 成交 賣 <MUMBLE> 錢 高 貴 <MUMBLE> 要 求 政府 談 內地 <MUMBLE> 計劃 <MUMBLE> 如何 清走 消除 ,香港 買 買 負責 說 現在 內地 運貨 活 豬 下降 <MUMBLE> 成交 賣 <MUMBLE> 錢 高 貴 <MUMBLE> 要 求 政府 談 內地 <MUMBLE> 計劃 <MUMBLE> 如何 清走 消除 ,1.0
沙 這 三 四 分鐘 時間 巴 二 至 零 ,沙 這 三 四 分鐘 時間 巴 二 至 零 ,1.0
今 全部 國 安全 教育 節日 香港 規則 <MUMBLE> 上 網 放 放 多 影片 影片 裡面 有 中 聯合 主要 有權利的人 名字 J 說 香港 歸還 內地 年 年 二 三 至今為止 現在 國 安全 有 弱 感覺 保護 國 安全,今 全部 國 安全 教育 節日 香港 規則 <MUMBLE> 上 網 放 放 多 影片 影片 裡面 有 中 聯合 主要 有權利的人 名字 J 說 香港 歸還 內地 年 年 二 三 至今為止 現在 國 安全 有 弱 感覺 保護 國 安全,1.0
違法 違法 行為 如果 開始 停 管理 不能 可能 提升 危險 損害 國 安全 ,違法 違法 行為 如果 開始 停 管理 不能 可能 提升 危險 損害 國 安全 ,1.0
如果 和平 方法 沒用 這 命名 <BAD> 變 暴力 代表 正確 真 <BAD> 代表 他們 行為 不理 法 規則 香港 推 暴力 影響 違法 代表 違法,如果 和平 方法 沒用 這 命名 <BAD> 變 暴力 代表 正確 真 <BAD> 代表 他們 行為 不理 法 規則 香港 推 暴力 影響 違法 代表 違法,1.0
感覺 <MUMBLE> 犧牲 責任 <BAD> 最 嚴重 誰 內地 的,感覺 <MUMBLE> 犧牲 責任 <BAD> 最 嚴重 誰 內地 的,1.0
控告 要 求 延後 再次 裁判 有 控告 看 差不多 情況 再次 懲罰 懲罰 懲罰 法官 感覺 這 真 決定 一 月 最後 決定 <MUMBLE> 延後 <X> 不公平 ,控告 要 求 延後 再次 裁判 有 控告 看 差不多 情況 再次 懲罰 懲罰 懲罰 法官 感覺 這 真 決定 一 月 最後 決定 <MUMBLE> 延後 <X> 不公平 ,1.0
英 冠 高級 說 這 能 限制 <MUMBLE> 退出 不能 變成 接受 減少 工資 留下 仍然 隊伍 如果 不 隊伍 變成 <BAD> 人 走 走 走 現在 仍然 思考 計劃 ,英 冠 高級 說 這 能 限制 <MUMBLE> 退出 不能 變成 接受 減少 工資 留下 仍然 隊伍 如果 不 隊伍 變成 <BAD> 人 走 走 走 現在 仍然 思考 計劃 ,1.0
日本 政府 新聞 開始 加 著急 區域 地方 加 全部 日本 ,日本 政府 新聞 開始 加 著急 區域 地方 加 全部 日本 ,1.0
足球 有權利的人 會 開始 開始 董 事 會 <MUMBLE> 決定 準備 八 月 中 再次 開始 開始 下次 準備 十 一 <MUMBLE> 開始 會 ,足球 有權利的人 會 開始 開始 董 事 會 <MUMBLE> 決定 準備 八 月 中 再次 開始 開始 下次 準備 十 一 <MUMBLE> 開始 會 ,1.0
美國 新 加 超 三 萬 証實 病 有 特朗普 說 分開 分開 分開 時間 <MUMBLE> 經濟 再次 <MUMBLE> 開始,美國 新 加 超 三 萬 証實 病 有 特朗普 說 分開 分開 分開 時間 <MUMBLE> 經濟 再次 <MUMBLE> 開始,1.0
政府 權力 林鄭月娥 歡迎 全部 批准 錢 能 部分 計劃 開始 接受 申請,政府 權力 林鄭月娥 歡迎 全部 批准 錢 能 部分 計劃 開始 接受 申請,1.0
病毒 研究 專家 負責 說 新冠肺炎 事實 研究 製造 不 感覺 人類 智慧 製造 不可能,病毒 研究 專家 負責 說 新冠肺炎 事實 研究 製造 不 感覺 人類 智慧 製造 不可能,1.0
估計 下年 <BAD> 下年 中 後 新冠肺炎 可能 疫苗 短 時間 口罩 要,估計 下年 <BAD> 下年 中 後 新冠肺炎 可能 疫苗 短 時間 口罩 要,1.0
建議 政府 工作 負責 加強 學習 基本法,建議 政府 工作 負責 加強 學習 基本法,1.0
電視 直播 六 小時 網上 唱歌,電視 直播 六 小時 網上 唱歌,1.0
名字 足球 傑志 名字 <X> 確定 上 星期 六 檢測 病毒 醫院 批准 返回 家 休息 分開 坐 不要,名字 足球 傑志 名字 <X> 確定 上 星期 六 檢測 病毒 醫院 批准 返回 家 休息 分開 坐 不要,1.0
雲 加 明日 間中 地區 有 雨 早上 海 附近 霧 <X> 早 午 有 太陽 溫度 二 十 四 至 二 十 八,雲 加 明日 間中 地區 有 雨 早上 海 附近 霧 <X> 早 午 有 太陽 溫度 二 十 四 至 二 十 八,1.0
名字 報導 香港 加 冠狀 肺炎 加 有 四 <BAD> 四 外 回來 傳染 全部 數目 一 零 二 九,名字 報導 香港 加 冠狀 肺炎 加 有 四 <BAD> 四 外 回來 傳染 全部 數目 一 零 二 九,1.0
入境 屋 權力 名字 曾 晚上 入境處 離開 時 <X> 準備 出任 回答 沒,入境 屋 權力 名字 曾 晚上 入境處 離開 時 <X> 準備 出任 回答 沒,1.0
希望 多 人 能 回去 能 給 另 人 來 來,希望 多 人 能 回去 能 給 另 人 來 來,1.0
現在 氣溫 二 十 濕度 九 四,現在 氣溫 二 十 濕度 九 四,1.0
名字 入 年 <BAD> 政府 入 十 二  不同 人 接觸 有 以前 撥款 加 減 <X> 看 情況,名字 入 年 <BAD> 政府 入 十 二  不同 人 接觸 有 以前 撥款 加 減 <X> 看 情況,1.0
現在 肺 情況 多 老 服務 停 組織 關注 留意 <X> 社署 部分 服務 恢復 要,現在 肺 情況 多 老 服務 停 組織 關注 留意 <X> 社署 部分 服務 恢復 要,1.0
新聞 時間 關於 新聞 經濟,新聞 時間 關於 新聞 經濟,1.0
一 月 底 全部 學 幼兒 中 心 <X> 老 <X> <X> 保障 中 心 全部 服務 暫停 三 月 頭 政府 部分 恢復 恢復 服務 <X> <X> 中 心 關門 仍然,一 月 底 全部 學 幼兒 中 心 <X> 老 <X> <X> 保障 中 心 全部 服務 暫停 三 月 頭 政府 部分 恢復 恢復 服務 <X> <X> 中 心 關門 仍然,1.0
天氣 <X> 雲 多 間中 下雨 今 晚上 明天 早上 清涼 會 最 低 十 八  早上 高 氣溫 二 十 二,天氣 <X> 雲 多 間中 下雨 今 晚上 明天 早上 清涼 會 最 低 十 八  早上 高 氣溫 二 十 二,1.0
臺灣 北 政府 說 這 唱歌 O K 林 <MUMBLE> 真 三 月 最後 真 消防 檢測 安全 完成 完 申請 維修 未 開始 批准 這 開始 安排 真 文 說 暫停 工作 要 現在 檢測 要 ,臺灣 北 政府 說 這 唱歌 O K 林 <MUMBLE> 真 三 月 最後 真 消防 檢測 安全 完成 完 申請 維修 未 開始 批准 這 開始 安排 真 文 說 暫停 工作 要 現在 檢測 要 ,1.0
D S E 一 四 個 裡面 重要 知 寬 現在 肺 發炎 影響 一 樣 仍然 考試 ,D S E 一 四 個 裡面 重要 知 寬 現在 肺 發炎 影響 一 樣 仍然 考試 ,1.0
說 完 內地 部 部 部 等 等 各種 ,說 完 內地 部 部 部 等 等 各種 ,1.0
今 星期 部分 時間 陽光 早上 熱 會 今 星期 六 星期日 濕 濕 早上 霧 有,今 星期 部分 時間 陽光 早上 熱 會 今 星期 六 星期日 濕 濕 早上 霧 有,1.0
傳染 中 心 研究 止 三 月 中 傳染 仍然 低 機會 接觸 禁止 有 用,傳染 中 心 研究 止 三 月 中 傳染 仍然 低 機會 接觸 禁止 有 用,1.0
的士 這 人 排隊 等 車 等 來 來,的士 這 人 排隊 等 車 等 來 來,1.0
五 月 一 期間 一 星期 北京 舊 屋 多 開 開 限制 人 入 參觀 真 人 限制 有,五 月 一 期間 一 星期 北京 舊 屋 多 開 開 限制 人 入 參觀 真 人 限制 有,1.0
繼續 新聞 時間 關於 看 沙田 真 情況 看,繼續 新聞 時間 關於 看 沙田 真 情況 看,1.0
今 警察 即 開咪 說 說 說 甚麼 全部 今 人 散開 散開 散開 散開 要,今 警察 即 開咪 說 說 說 甚麼 全部 今 人 散開 十 要,0.75
影響 我 觀察 控制 能 估,影響 我 觀察 控制 能 估,1.0
但是 真 全部 政府 錢 用 我 會 不 浪費 不 真 香港 今 <MUMBLE> 負 借 超 三 百 八 十,但是 真 全部 政府 錢 用 我 會 不 浪費 不 真 香港 今 <MUMBLE> 負 借 超 三 百 八 十,1.0
病 病 肺 炎 比較 嚴重 可能 要 吸入 氧氣,病 病 肺 炎 比較 嚴重 可能 要 吸入 氧氣,1.0
防 防 平衡 有 另 條件 包括 歲 一 八 至 五 五 男 重 要 六 五 K G 以上 長 病 沒 通過 血 捐 能,防 防 平衡 有 另 條件 包括 歲 一 八 至 五 五 男 重 要 六 五 K G 以上 長 病 沒 通過 血 捐 能,1.0
一 一 零 萬 人 超 証實 肺 炎 美國 這 批准 名字 名字 德 給 幫 醫治 某些 新型冠狀 肺 炎 病 病 人 專 擔心 影響 身體 會,一 一 零 萬 人 超 証實 肺 炎 美國 這 批准 名字 名字 德 給 幫 醫治 某些 新型冠狀 肺 炎 病 病 人 專 擔心 影響 身體 會,1.0
沙灘 這 多 帳篷 帳篷 一 點 五 米 隔開 沒 有 部分 超 四 人 聚集,沙灘 這 多 帳篷 帳篷 一 點 五 米 隔開 沒 有 部分 超 四 人 聚集,1.0
印度 新冠 肺 炎 控制 不能 二 千 六 百 人 傳染 感染 肺 炎 真 現在 新 高 即 變 穩定 南韓 星期 三 開始 經濟 恢復 活動,印度 新冠 肺 炎 控制 不能 二 千 六 百 人 傳染 感染 肺 炎 真 現在 新 高 即 變 穩定 南韓 星期 三 開始 經濟 恢復 活動,1.0
外 股票 指數 經濟 基金 全部 計算 計算 內 真 損失 勁 金 管 屋 說 真 給 樓 樓 減 計劃 沒,外 股票 指數 經濟 基金 全部 計算 計算 內 真 損失 勁 金 管 屋 說 真 給 樓 樓 減 計劃 沒,1.0
現在 準備 請看 香港 今 加 一 新冠 肺 炎 入,現在 準備 請看 香港 今 加 一 新冠 肺 炎 入,1.0
香港 今 有 關 新 一 新冠 肺 炎 美國 返,香港 今 有 關 新 一 新冠 肺 炎 美國 返,1.0
另 送院 病 人 過程 會 看 看 人 手 安排 病 病 計算 醫 屋 內 防 防 病 或者 安排,另 送院 病 人 過程 會 看 看 人 手 安排 病 病 計算 醫 屋 內 防 防 病 或者 安排,1.0
三 起名 好像 車 壞 了 希望 第 二 日期 期間 正面 不,三 起名 好像 車 壞 了 希望 第 二 日期 期間 正面 不,1.0
香港 股票指數 降下 幾 千 點 真 現在 兩 星期 內 降下 勁,香港 股票指數 降下 幾 千 點 真 現在 兩 星期 內 降下 勁,1.0
立 法 會 影響 勁,立 法 會 影響 勁,1.0
影片 一 五 分鐘 百 幾 萬 看 全部 看 <MUMBLE>,影片 一 五 分鐘 百 幾 萬 看 全部 看 <MUMBLE>,1.0
估 計算 計算 雲 多 熱 最 低 二 八,估 計算 計算 雲 多 熱 最 低 二 八,1.0
真 海洋公園 今 方法 新 恢復 變 立 法 會 談 有 組 意見 有 名字 華 知道 全部 看 看 海洋公園 關閉 不喜歡,真 海洋公園 今 方法 新 恢復 變 立 法 會 談 有 組 意見 有 名字 華 知道 全部 看 看 海洋公園 關閉 不喜歡,1.0
內 有 全部 一 千 零 六 十 貨品 全部 重 三 四 <MUMBLE> 全部 四 千 七 百 五 十 萬,內 有 全部 一 千 零 六 十 貨品 全部 重 三 四 <MUMBLE> 全部 四 千 七 百 五 十 萬,1.0
仍然 上升 肺 炎 有,仍然 上升 肺 炎 有,1.0
真 警察 拘捕 三 人 級 一 殺 店鋪 戴口罩 要 壓力 大,真 警察 拘捕 三 人 級 一 殺 店鋪 戴口罩 要 壓力 大,1.0
天氣 情況 雲 多 部分 有 雨 雨 雷,天氣 情況 雲 多 部分 有 雨 雨 雷,1.0
降下 再 起立 最後 保安 扶起 走 強 真 問 問 擔心 C 私下 控告 會不會 他 說 要 再 處理,降下 再 起立 最後 保安 扶起 走 強 真 問 問 擔心 C 私下 控告 會不會 他 說 要 再 處理,1.0
勞工 福利 屋 領袖 名字 羅 下 一 星期 準備 詳細 申請 程序 如何 再 看 情況 這 反應 第 二 申請 內容 這 再 決定,勞工 福利 屋 領袖 名字 羅 下 一 星期 準備 詳細 申請 程序 如何 再 看 情況 這 反應 第 二 申請 內容 這 再 決定,1.0
兩 大廈 大廈 街 街 全部 店鋪 負責 化驗 會 哪裡 地方 傳染 兩 大廈 大廈 內 三 留 估 傳染 不要,兩 大廈 大廈 街 街 全部 店鋪 負責 化驗 會 哪裡 地方 傳染 兩 大廈 大廈 內 三 留 估 傳染 不要,1.0
逛街 警察 一 樣 灣仔 情況 一 樣 類似,逛街 警察 一 樣 灣仔 情況 一 樣 類似,1.0
考慮 有 放 放 限制 限制 包括 下星期 重複 開 商場 買 新 星星 加 六 七 五 新 有 關 新冠 肺 炎 關於 甚麼 外 請 宿舍 二 萬 五 千 人 傳染 肺 炎 有,考慮 有 放 放 限制 限制 包括 下星期 重複 開 商場 買 新 星星 加 六 七 五 新 有 關 新冠 肺 炎 關於 甚麼 外 請 宿舍 二 萬 五 千 人 傳染 肺 炎 有,1.0
不能 堅持 催促 催促 過程 處理 地鐵 系統 做 做 跟 沒,不能 堅持 催促 催促 過程 處理 地鐵 系統 做 做 跟 沒,1.0
各位 準備 請看 上 網 發起 下午 去 去 去 聚合 將軍 O 東 港 城 拘捕 拘捕 八 人 非法 聚集 打 警察 幹涉 警察 工作,各位 準備 請看 上 網 發起 下午 去 去 去 聚合 將軍 O 東 港 城 拘捕 拘捕 八 人 非法 聚集 打 警察 幹涉 警察 工作,1.0
兩 學生 星期 三 晚上 入 沙 田 飲 破壞 粉 山 審判,兩 學生 星期 三 晚上 入 沙 田 飲 破壞 粉 山 審判,1.0
研究 導彈 厲害 起名 厲害 導彈,研究 導彈 厲害 起名 厲害 導彈,1.0
目的 準備 六 月 六 前 說 會,目的 準備 六 月 六 前 說 會,1.0
英國 消息 說 美國 國 防 組 消息 說 如果 美國 內地 十 年 後 這 圓形 海 爆發 爆發 美國 失敗 防 臺灣 不能 不能,英國 消息 說 美國 國 防 組 消息 說 如果 美國 內地 十 年 後 這 圓形 海 爆發 爆發 美國 失敗 防 臺灣 不能 不能,1.0
L 全部 票 能 勝利 當選 多謝 全部 支持 信,L 全部 票 能 勝利 當選 多謝 全部 支持 信,1.0
保 工作 計劃 有 分 限期 限期 第 一 六 月 至 八 月 接受 申請 期間 六 月 十 四 能,保 工作 計劃 有 分 限期 限期 第 一 六 月 至 八 月 接受 申請 期間 六 月 十 四 能,1.0
內地 有 力 變 現在 情況,內地 有 力 變 現在 情況,1.0
舉手 真 違法 有 真 半 比賽 名字 雲 傳球 名字 保 傳球 錯誤,舉手 真 違法 有 真 半 比賽 名字 雲 傳球 名字 保 傳球 錯誤,1.0
教育 屋 政府 說 批評 考試 批評 歷史 組 取消 這 林 月 說 管理 要 負責 政府 幹涉 寃枉,教育 屋 政府 說 批評 考試 批評 歷史 組 取消 這 林 月 說 管理 要 負責 政府 幹涉 寃枉,1.0
現在 旅遊 會 有 一 千 七 百 幾 登記 會員 如果 肺 炎 持續 可能 之後 有 多 旅遊 公司 關閉 關閉 <MUMBLE>,現在 旅遊 會 有 一 千 七 百 幾 登記 會員 如果 肺 炎 持續 可能 之後 有 多 旅遊 公司 關閉 關閉 <MUMBLE>,1.0
客 人 減 四 十 百分比 希望 肺 新冠 減少 放 放 命令 命令 限制 限制 客 人 人流 能,客 人 減 四 十 百分比 希望 肺 新冠 減少 放 放 命令 命令 限制 限制 客 人 人流 能,1.0
保安 屋 領袖 名字 L 超 說 下 一 星期 召 召 提醒 提醒 委員 會 管理 警察 會 反對 修改 法 報告 評估 建議,保安 屋 領袖 名字 L 超 說 下 一 星期 召 召 提醒 提醒 委員 會 管理 警察 會 反對 修改 法 報告 評估 建議,1.0
菜 英文 開 第 二 政府 出任 期間 說 全部 穩定 真 未來 發展,菜 英文 開 第 二 政府 出任 期間 說 全部 穩定 真 未來 發展,1.0
菜 英文 另 名字 德 早上 宣誓 領袖 副 領袖 跟 法 規則 負責 做,菜 英文 另 名字 德 早上 宣誓 領袖 副 領袖 跟 法 規則 負責 做,1.0
有 某人 外 幹涉 香港 事 真 仍然 拒絕 堅持 一 樣,有 某人 外 幹涉 香港 事 真 仍然 拒絕 堅持 一 樣,1.0
空氣 質素 健康 請看 降下,空氣 質素 健康 請看 降下,1.0
過程 過程 我 估 第 一 影響 香港 現在 法 內 獨立 不 另,過程 過程 我 估 第 一 影響 香港 現在 法 內 獨立 不 另,1.0
國 家 某些 破壞 安全 意思 一般 普通 行為 人人 不,國 家 某些 破壞 安全 意思 一般 普通 行為 人人 不,1.0
例如 吸毒 好 超 不好 全部 真 不合理 全部 看 知道 意思 超 已經 教育 道 德 限制,例如 吸毒 好 超 不好 全部 真 不合理 全部 看 知道 意思 超 已經 教育 道 德 限制,1.0
時間 快 晚上 有 柴灣 綠 商場 舉起 旗 <MUMBLE> 標語,時間 快 晚上 有 柴灣 綠 商場 舉起 旗 <MUMBLE> 標語,1.0
軍人 科學 研究 病 毒 真 再 <MUMBLE> 新 冠狀 肺 打針 指 三 月 開始 一 期 期間 試驗 武漢 有 一 零 八 歲 一 八 至 六 十 身體健康 參加,軍人 科學 研究 病 毒 真 再 <MUMBLE> 新 冠狀 肺 打針 指 三 月 開始 一 期 期間 試驗 武漢 有 一 零 八 歲 一 八 至 六 十 身體健康 參加,1.0
政府 領袖 名字 比 說 急 情況 命令 命令 封關 封關 封關 加 長 六 月 尾 仍然,政府 領袖 名字 比 說 急 情況 命令 命令 封關 封關 封關 加 長 六 月 尾 仍然,1.0
名字 名字 路 有 關 交界 路 前 有 關 黑 衣 鐵 欄 拿出 真 破壞 交通 燈,名字 名字 路 有 關 交界 路 前 有 關 黑 衣 鐵 欄 拿出 真 破壞 交通 燈,1.0
有 關 有 關 指向 甚麼 支持 反對 各種 不能 有 關 爭吵 主題 演講 意見 要 小心 想 清楚 評估 要 超 真 處理 合理 要 不能,有 關 有 關 指向 甚麼 支持 反對 各種 不能 有 關 爭吵 主題 演講 意見 要 小心 想 清楚 評估 要 超 真 處理 合理 要 不能,1.0
唱歌 O K 有 組 組 屋 屋 有 星期 四 即將 開 能 中 三 至 中 五 恢復 上課 看 學校 準備 如何,唱歌 O K 有 組 組 屋 屋 有 星期 四 即將 開 能 中 三 至 中 五 恢復 上課 看 學校 準備 如何,1.0
我 決定 要 做 我 想 如何 反對 會 外 交 組 說 堅持 一 國 兩 制 對於 仍然 主 權力 決定 變 不 <MUMBLE> 記 訪問,我 決定 要 做 我 想 如何 反對 會 外 交 組 說 堅持 一 國 兩 制 對於 仍然 主 權力 決定 變 不 <MUMBLE> 記 訪問,1.0
留意 兩 規則 但是 忘記 一 國 重要,留意 兩 規則 但是 忘記 一 國 重要,1.0
首先 時間 背景 一定,首先 時間 背景 一定,1.0
如果 全部 罪 定 合理 懷疑 沒 第 三 一般 法 規則 行為 違法,如果 全部 罪 定 合理 懷疑 沒 第 三 一般 法 規則 行為 違法,1.0
美國 如果 取消 香港 特別 身份 影響 香港 會不會,美國 如果 取消 香港 特別 身份 影響 香港 會不會,1.0
第 一 次 有 現在 立 法 會 議員 加 入 問 問 責任 組 工 聯 阿 有 關 勞工 福利 屋 副 領袖,第 一 次 有 現在 立 法 會 議員 加 入 問 問 責任 組 工 聯 阿 有 關 勞工 福利 屋 副 領袖,1.0
內地 真 世界 新聞 說 內地 準備 最 壞 情況 美國 壓 內地 失敗 不 自 弱 會,內地 真 世界 新聞 說 內地 準備 最 壞 情況 美國 壓 內地 失敗 不 自 弱 會,1.0
吹 南 西 南 未來 兩 天 三 天 天氣 熱 部分 時間 有 陽光,吹 南 西 南 未來 兩 天 三 天 天氣 熱 部分 時間 有 陽光,1.0
香港 首次 有 醫療 救 負責 新冠肺炎 有 以前 送到 醫院 女 肺炎 女 她 兩 個 同事 一 樣 証實 肺炎 有,香港 首次 有 醫療 救 負責 新冠肺炎 有 以前 送到 醫院 女 肺炎 女 她 兩 個 同事 一 樣 証實 肺炎 有,1.0
<MUMBLE> 病 情況 檢測 看不到 可能,<MUMBLE> 病 情況 檢測 看不到 可能,1.0
衞生 防 中 心 指派 有 兩 個 結婚 住 沙田 祿泉樓 負責 全部 樓 內 病毒 檢測 清理 工作 加強 持續,衞生 防 中 心 指派 有 兩 個 結婚 住 沙田 祿泉樓 負責 全部 樓 內 病毒 檢測 清理 工作 加強 持續,1.0
考慮 <MUMBLE> 影響 香港 自 美國 有 貿易 喫虧 會,考慮 <MUMBLE> 影響 香港 自 美國 有 貿易 喫虧 會,1.0
陳茂波 說 <MUMBLE> 說 人民銀行 支持 保衛 聯繫匯率 仍然,陳茂波 說 <MUMBLE> 說 人民銀行 支持 保衛 聯繫匯率 仍然,1.0
星期 一 高 一 年級 高 小 四 年級 一致 事實 準備 復課 <MUMBLE> 學校 多 如果 跟隨 清理 可能 復課 機會 能,星期 一 高 一 年級 高 小 四 年級 一致 事實 準備 復課 <MUMBLE> 學校 多 如果 跟隨 清理 可能 復課 機會 能,1.0
世界 衞生 會員 全部 同意 同意 新 冠 獨立 調查 科技 組 現在 病 爆發 內地 高 看 嚴 加 研究,世界 衞生 會員 全部 同意 同意 新 冠 獨立 調查 科技 組 現在 病 爆發 內地 高 看 嚴 加 研究,1.0
有 步驟 <BAD> 記 簽名,有 步驟 <BAD> 記 簽名,1.0
有 關於 主 民 團體 擔心 有 關於 早 決定 <X> 保安 屋 <MUMBLE> 名字 葉 L 說 英國 以前 有 政府 負責 資料 蒐集,有 關於 主 民 團體 擔心 有 關於 早 決定 <X> 保安 屋 <MUMBLE> 名字 葉 L 說 英國 以前 有 政府 負責 資料 蒐集,1.0
煽動 未來 星期日 工作 放棄 讀書 放棄 我 其實 不開心,煽動 未來 星期日 工作 放棄 讀書 放棄 我 其實 不開心,1.0
多 <X> 試過 去 區域 區域 食物 貨 批准 開始 關閉 開始 緊急 情況 人 接觸 試過 酸 檢測 現在 有 四 十 六 証實 有 肺 發炎,多 <X> 試過 去 區域 區域 食物 貨 批准 開始 關閉 開始 緊急 情況 人 接觸 試過 酸 檢測 現在 有 四 十 六 証實 有 肺 發炎,1.0
名字 滿 區域 區域 新 貨 批准 切 三 魚 砧板 檢測 有 新冠病毒 肺炎 有 北京 四 川 超市 或者 日本 餐廳 暫時 賣 三 魚 不,名字 滿 區域 區域 新 貨 批准 切 三 魚 砧板 檢測 有 新冠病毒 肺炎 有 北京 四 川 超市 或者 日本 餐廳 暫時 賣 三 魚 不,1.0
真 <MUMBLE> 遠 十 八 <BAD> 公里 超級市場 真 貨 海鮮 區域 全部 暫停 三文魚,真 <MUMBLE> 遠 十 八 <BAD> 公里 超級市場 真 貨 海鮮 區域 全部 暫停 三文魚,1.0
三 二 一 說 開始 關閉 <BAD> 四 個 月 完 海洋公園 重複 開 入 特別 規則 處理 管理,三 二 一 說 開始 關閉 <BAD> 四 個 月 完 海洋公園 重複 開 入 特別 規則 處理 管理,1.0
美國 總統 特朗普 同意 要 鎖喉 方法 <BAD> <BAD> 捉 不要 但是 特別 情況 一 樣 要 仍然 鎖喉 能,美國 總統 特朗普 同意 要 鎖喉 方法 <BAD> <BAD> 捉 不要 但是 特別 情況 一 樣 要 仍然 搜尋 能,0.95
真 破壞 中 小 公司 喘息 時間,真 破壞 中 小 公司 喘息 時間,1.0
影響 香港 <X> 跟著 基本法 條例 <X> 有 法 現在 法 條例 權力 最後 審判 權力 影響 不,影響 香港 <X> 新冠病毒 基本法 條例 <X> 有 法 現在 法 條例 權力 最後 審判 權力 影響 不,0.9444444444444444
學校 話 出席 <BAD> <BAD> 八 十 巴仙 左右 因為 擔心 肺 發炎 入 學校 不要 致電 父母 完成 如果 擔心 能,學校 話 出席 <BAD> <BAD> 八 十 巴仙 左右 因為 擔心 肺 發炎 入 學校 不要 致電 父母 完成 如果 擔心 能,1.0
真 方便 不 看到 內地 澳門 現在 一 半 錢 或者 四 分 一 便宜,真 方便 不 看到 內地 澳門 現在 一 半 錢 或者 四 分 一 便宜,1.0
立 法 會 選舉 人 <X> 如果 <X> 反對 香港 安全 法 條例,立 法 會 選舉 人 <X> 如果 <X> 反對 香港 安全 法 條例,1.0
減 衞生 危險 <X> 全部 <X> 現金 不要 最 好 <X> 要 求 新 貨,減 衞生 危險 <X> 全部 <X> 現金 不要 最 好 <X> 要 求 新 貨,1.0
參加 計劃 <MUMBLE> <X> 貼 門外 貼 貼 這 原來 給 人 看 記得 知道 能 三 月,參加 計劃 <MUMBLE> <X> 貼 門外 貼 貼 這 原來 給 人 看 記得 知道 能 三 月,1.0
現在 溫度 三 十 濕度 七 十 五 百份比,現在 溫度 三 十 濕度 七 十 五 百份比,1.0
歷史 問題 影響 香港 多 法官 有 雙重 或者 多 國 護照 一刀切 外國 居留權 有 情況 不,歷史 問題 影響 香港 多 法官 有 雙重 或者 多 國 護照 一刀切 外國 居留權 有 情況 不,1.0
保護 甚麼 全部 十 四 億 人民 安全 問題,保護 甚麼 全部 十 四 億 人民 安全 問題,1.0
條文 未 寫 完成,條文 未 寫 完成,1.0
想 長 管理 首先 要 尋找 基本 這 哪裏來 想 目的 線 內地 甚麼 反叛 政 權 管理 不 變 會 好像 臺灣,想 長 管理 首先 要 尋找 基本 這 哪裏來 想 目的 線 內地 甚麼 反叛 政 權 管理 不 變 會 好像 臺灣,1.0
名字 密 根 州 多 超 一 百 幾 船 船 湖 船 船 聚集 派對 口罩 沒 分開 沒,名字 密 根 州 多 超 一 百 幾 船 船 湖 船 船 聚集 派對 口罩 沒 分開 沒,1.0
永遠 監禁 不 消息 說 條文 <X> 比較 另 地區 規則,永遠 監禁 不 消息 說 條文 <X> 比較 另 地區 規則,1.0
北京 外國 交流 部門 說 有關 香港 問題 表現 不好 美國 人 簽證 限制 限制 美國 有關 有關 香港 建議 專門 垃圾,北京 外國 交流 部門 說 有關 香港 問題 表現 不好 美國 人 簽證 限制 限制 美國 有關 有關 香港 建議 專門 垃圾,1.0
但是 分析 說 片段 可能 加 兩 <MUMBLE> <X> 懷疑 戰爭,但是 分析 說 片段 可能 加 兩 <MUMBLE> <X> 懷疑 戰爭,1.0
真 法 規則 剛剛 說 <X> 誰 懷疑 感覺 有 但是 時間 <BAD> 事 真 証實 能 立 法 立法 反對 一 國 兩種不同規則 沒 這 法 規則 ,真 法 規則 剛剛 說 <X> 誰 懷疑 感覺 有 但是 時間 <BAD> 事 真 証實 能 立 法 立法 反對 一 國 兩種不同規則 沒 這 法 規則 ,1.0
真 我 好像 嚇 <MUMBLE> 我 怕 不 ,真 我 好像 嚇 <MUMBLE> 我 怕 不 ,1.0
我 現在 歧視 內地 政府 保護 主 權利 決定,我 現在 歧視 內地 政府 保護 主 權利 決定,1.0
意大利 A 有 關於 名字 雲 真 三 至 一 打敗 這 名字 亞 世界 真 名字 C 踢球 ,意大利 A 有 關於 名字 雲 真 三 至 一 打敗 這 名字 亞 世界 真 名字 C 踢球 ,1.0
多 國 留意 關於 香港 安全 規則 這 開始 剛才 北京 控告 控告 這 美國 幹涉 目的 最後 失敗 會 <BAD> 指出 錯誤 英國 再次 指出 錯誤 英國 真 <MUMBLE> 違反 以前 同意 真 違反 有 ,多 國 留意 關於 香港 安全 規則 這 開始 剛才 北京 控告 控告 這 美國 幹涉 目的 最後 失敗 會 <BAD> 指出 錯誤 英國 再次 指出 錯誤 英國 真 <MUMBLE> 違反 以前 同意 真 違反 有 ,1.0
現在 我 計劃 有 現在 我 星期 星期 前 我 說 完 我 會 最後 修改 好 快 一起 考慮 加入 會 <MUMBLE> 好像 英國 這 機會 給 會 ,現在 我 計劃 有 現在 我 星期 星期 前 我 說 完 我 會 最後 修改 好 快 一起 考慮 加入 會 <MUMBLE> 好像 英國 這 機會 給 會 ,1.0
現在 溫度 三 一 濕 七 三 百分比 ,現在 溫度 三 一 濕 七 三 百分比 ,1.0
消息 說 加 六 入 入 病 包括 一 駕駛 飛機,消息 說 加 六 入 入 病 包括 一 駕駛 飛機,1.0
困難 定 社區 完美 沒 不能夠,困難 定 社區 完美 沒 不能夠,1.0
想 <MUMBLE> 內地 政府 香港 政府 限制 限制,想 <MUMBLE> 內地 政府 香港 政府 限制 限制,1.0
八 月 再 警察 屋 我 報到 男 客人 釋放 能 無線電視 記者,八 月 再 警察 屋 我 報到 男 客人 釋放 能 無線電視 記者,1.0
美國 政府 權力 特朗普 說 內地 現在 立法 香港 安全 法 考慮 兩 至 三 計劃 對於 內地 行動 準備 幾 天 會 說,美國 政府 權力 特朗普 說 內地 現在 立法 香港 安全 法 考慮 兩 至 三 計劃 對於 內地 行動 準備 幾 天 會 說,1.0
政府 最少 五 七 六 萬 申請 了,政府 最少 五 七 六 萬 申請 了,1.0
自 老闆 重複 新 招聘 員工 不 政府 錢 收回 會,自 老闆 重複 新 招聘 員工 不 政府 錢 收回 會,1.0
英國 傳染 英國 傳媒 報道 武漢 病毒 傳染 研究 年 二 零 一 三 雲 南 發現 新冠 肺 炎 接近 病 毒 研究 回答 沒,英國 傳染 英國 傳媒 報道 武漢 病毒 傳染 研究 年 二 零 一 三 雲 南 發現 新冠 肺 炎 接近 病 毒 研究 回答 沒,1.0
現在 溫度 三 十 濕 百分比 七 八,現在 溫度 三 十 濕 百分比 七 八,1.0
公 屋 <BAD> 權 名字 鄭 關於 跟 法 規則 處理 工作 負責 有 關於 權,公 屋 <BAD> 權 名字 鄭 關於 跟 法 規則 處理 工作 負責 有 關於 權,1.0
政府 建議 現在 七 月 開始 入 工作 政府 負責 要 宣誓 簽署 保護 基本 法 規則 跟 政府 現在 工作 安排 一 樣 複製,政府 建議 現在 七 月 開始 入 工作 政府 負責 要 宣誓 簽署 保護 基本 法 規則 跟 政府 現在 工作 安排 一 樣 複製,1.0
委員 會 調查 報告 名字 C 以前 政府 權 以前 梁 英 溝通 有 答應 梁 英 要 求 他 確定 文件 給 委員 會,委員 會 調查 報告 名字 C 以前 政府 權 以前 梁 英 溝通 有 答應 梁 英 要 求 他 確定 文件 給 委員 會,1.0
監督 喫 餐廳 或者 玩 各種 地方 限制 限制 今日 再次 限制 期間 日 十 四 ,監督 喫 餐廳 或者 玩 各種 地方 限制 限制 今日 再次 限制 期間 日 十 四 ,1.0
香港 今日 再次 加 <BAD> 冠狀病毒 肺 發炎 全部 計算 二 八 裡面 有 十 六 傳染 本地 另 三 十 三 現在 証實 肺 發炎 有 ,香港 今日 再次 加 <BAD> 冠狀病毒 肺 發炎 全部 計算 二 八 裡面 有 十 六 傳染 本地 另 三 十 三 現在 証實 肺 發炎 有 ,1.0
包括 職員 招聘 飛機 各種 ,包括 職員 招聘 飛機 各種 ,1.0
有 富有 不 我 隨便 搬走 搬走 不能 ,有 富有 不 我 隨便 搬走 搬走 不能 ,1.0
這 說 反對 這 影響 看出 知道 跟 法 規則 想 沒 <X> 繼續 破壞 <MUMBLE> 違法 違法 抗爭 合理 好像 經常 繼續 能 逼 政府 請 ,這 說 反對 這 影響 看出 知道 跟 法 規則 想 沒 <X> 繼續 破壞 <MUMBLE> 違法 違法 抗爭 合理 好像 經常 繼續 能 逼 政府 請 ,1.0
香港 安全 法 規則 開始 完 基本 法 規則 委員 會 負責 名字 C 說 ,香港 安全 法 規則 開始 完 基本 法 規則 委員 會 負責 名字 C 說 ,1.0
新加坡 國 會 選 選 決定 完 負責 名字 龍 帶領 人民 團體 保護 全部 這 位置 位置 夠 六 <MUMBLE> 百分比 投票 歷史 裡面 最 低,新加坡 國 會 選 選 決定 完 負責 名字 龍 帶領 人民 團體 保護 全部 這 位置 位置 雷達 六 <MUMBLE> 百分比 投票 歷史 裡面 最 低,0.9629629629629629
有 另 八 以前 証實 肺 發炎 家 人 設障 監督 完成 不能 ,有 另 八 以前 証實 肺 發炎 家 人 設障 監督 完成 不能 ,1.0
部分 工作 如果 能 家 裡面 工作 ,部分 工作 如果 能 家 裡面 工作 ,1.0
經濟 發展 屋 說 因為 肺 發炎 情況 真 決定 星期 三 開始 <BAD> 書 大排檔 這 延後 有 部分 書 經濟 說 退 退 <MUMBLE> 但是 感覺 這 好 遲 ,經濟 發展 屋 說 因為 肺 發炎 情況 真 決定 星期 三 開始 <BAD> 書 大排檔 這 延後 有 部分 書 經濟 說 退 退 <MUMBLE> 但是 感覺 這 好 遲 ,1.0
因為 這 說 地方 窄 ,因為 這 說 地方 窄 ,1.0
旺角 美容 某些 想 現在 停 想 以前 早 約 不 失敗,旺角 美容 某些 想 現在 停 想 以前 早 約 不 失敗,1.0
三 七 另 晚上 証實 肺 炎,三 七 另 晚上 証實 肺 炎,1.0
多 自 戴口罩 自覺 進來 我 全部 <MUMBLE> 空氣流通 能,多 自 戴口罩 監獄 進來 我 全部 <MUMBLE> 空氣流通 能,0.9
拆 屋 賠償 負責 要 搬 如何 正常,拆 屋 賠償 負責 要 搬 如何 正常,1.0
好像 區域 政府 這 香港 帶領 內地 內地 合資 香港 合資 公司 看 情況 甚麼 公司 大 小 環境 怎樣 我 真 審視 評估 能,好像 區域 政府 這 香港 帶領 內地 內地 合資 香港 合資 公司 看 情況 甚麼 公司 大 小 環境 怎樣 我 真 審視 評估 能,1.0
錢 委員 會 項目 未 這些 決定 全部 換 完 準備 再 安排 諮詢 諮詢 開會 情況 要,錢 委員 會 項目 未 這些 決定 全部 換 完 準備 再 安排 諮詢 諮詢 開會 情況 要,1.0
環保 屋 說 空氣 質素 健康 指屏幕,環保 屋 說 空氣 質素 健康 指屏幕,1.0
參加 有關 立 法 功能 選舉 希望 政府,參加 有關 立 法 保護衣 選舉 希望 政府,0.875
熱 血 公 民 說 說 想 重複 香港 本土 屬於 經濟 文化 想 互動 網絡 連繫 要,熱 血 公 民 說 說 想 重複 香港 本土 屬於 經濟 文化 想 互動 網絡 起程 要,0.9444444444444444
英國 說 可能 暫時 香港 捉走 簽約 停 香港 安全 <BAD> 內地 安全 法 回答,英國 說 可能 暫時 香港 捉走 簽約 停 香港 安全 <BAD> 內地 安全 法 回答,1.0
新聞 時間 繼續 關於 股票 新聞 香港 股票 情況 請看,新聞 時間 繼續 關於 股票 新聞 香港 股票 情況 請看,1.0
溫度 三 一 濕 七 十 百分比,溫度 三 一 濕 七 十 百分比,1.0
故意 破壞 內地 美國 關係 粗暴,故意 破壞 內地 美國 關係 粗暴,1.0
比較 誰 幹涉 另 國 內 事 誰,比較 誰 幹涉 另 國 內 事 誰,1.0
創 一 日 新 高 當中 一 二 六 本地 傳染,創 一 日 新 高 當中 一 二 六 本地 傳染,1.0
領事館 工作 美國 南 任何人 決定 有 對 屋 代表 發言 說 <X> 關閉 領事館 想 保護 美國 知識 權,領事館 工作 美國 南 任何人 決定 有 對 屋 代表 發言 說 <X> 關閉 領事館 想 保護 美國 知識 權,1.0
英國 政府 權力 名字 約 計劃 我 想 反叛 法 規則 修改 內地 俄羅斯 影響 防 能,英國 政府 權力 名字 約 計劃 我 想 反叛 法 規則 修改 內地 俄羅斯 影響 防 能,1.0
日本 工作 北 海 名字 多 主要 範圍 三 比 一 打敗 橫 水,日本 工作 北 海 名字 多 主要 範圍 三 比 一 打敗 橫 水,1.0
飲 食 喫 藥 滿 歲 兩 沒 合理 解釋 能 免 街 吸煙 免 禁止,飲 食 喫 藥 滿 歲 兩 沒 合理 解釋 能 免 街 吸煙 免 禁止,1.0
美國 駐 內地 城 這 真 領事館 早上 關門 正 門 入 北京 外 交 組 說 美國 關門 <MUMBLE> 入 內地 領事館 這 對 反應,美國 駐 內地 城 這 真 領事館 早上 關門 正 門 入 北京 外 交 組 說 美國 關門 <MUMBLE> 入 內地 領事館 這 對 反應,1.0
今 員工 隊 美國 海 軍 今 駐 散 今 命令 旗 降下 給,今 員工 隊 美國 海 軍 今 駐 散 今 命令 旗 降下 給,1.0
麻煩 禁止 坐 兩 天 明天 重複,麻煩 禁止 坐 兩 天 明天 重複,1.0
不一定 這 情況 人 人流 聚合 嚴重 危險 影響,不一定 這 情況 人 人流 聚合 嚴重 危險 影響,1.0
年齡 八 九 女 屯門 康 和 老人 分院 黃 金,年齡 八 九 女 屯門 康 和 老人 分院 黃 金,1.0
我 估計 減 一定 幫 能 醫 管 屋 估計 <MUMBLE> 亞 博覽 屋 兩 房間 能 給 四 百 牀 但是 有 技術 問題 需要 處理 日期 開始 未,我 估計 減 一定 幫 能 醫 管 屋 估計 <MUMBLE> 亞 博覽 屋 兩 房間 能 給 四 百 牀 但是 有 技術 問題 需要 處理 日期 開始 未,1.0
 澳門 三 風 提醒 估計 晚上 依然 會, 澳門 三 風 提醒 估計 晚上 依然 會,1.0
大 連 說 十 三 命令 命令 命令 要 全部 合作 防 肺 特別 沒 特別 需要 去 另 不能,大 連 說 十 三 命令 命令 命令 要 全部 合作 防 肺 特別 沒 特別 需要 去 另 不能,1.0
亞洲 博物館 開始 完 開始 接受 接受 普通 或者 身體 看不見 生病 有 新 冠狀 肺 炎 人 入院 真 <BAD> 政府 <BAD> 權力 <MUMBLE> 醫療 管理 屋 有權力的人 名字 說 信 這 減少 久等 時間,亞洲 博物館 開始 完 開始 接受 接受 普通 或者 身體 看不見 生病 有 新 冠狀 肺 炎 人 入院 真 <BAD> 政府 <BAD> 權力 <MUMBLE> 醫療 管理 屋 有權力的人 名字 說 信 這 減少 久等 時間,1.0
 部分 <BAD> 想 煽動 或者 部分 議員 繼續 <BAD> 可能 <BAD> 安全 法 規則 放入 完 有 部分 行為 <BAD> 人 經常 基本 會 嚴重 這 行為, 部分 <BAD> 想 煽動 或者 部分 議員 繼續 <BAD> 可能 <BAD> 安全 法 規則 放入 完 有 部分 行為 <BAD> 人 經常 基本 會 嚴重 這 行為,1.0
<X> <MUMBLE> <MUMBLE> 這 香港 這 香港 在 成立 這 內地 機構 這 全部 要 再 各種 <BAD> 公司 負責 組 組 這 支持 服務 不知道 資料,<X> <MUMBLE> <MUMBLE> 這 香港 這 香港 在 成立 這 內地 機構 這 全部 要 再 各種 <BAD> 公司 負責 組 組 這 支持 服務 不知道 資料,1.0
新 冠狀 肺 炎 再 加 九 五 証實 証實 病 內 有 九 五 爆 傳染 擴散 有 超 四 十 百分比 哪裏來 不知道,新 冠狀 肺 炎 再 加 九 五 証實 証實 病 內 有 九 五 爆 傳染 擴散 有 超 四 十 百分比 哪裏來 不知道,1.0
宿舍 一 個 月 兩 個 月 三 個 月 負責 他 希望 檢測 <X> 看不到 收藏 人 我 擔心 不知道 <BAD> 成功 有 <BAD> 或者 沒 事 希望 全部 沒 事 ,宿舍 一 個 月 兩 個 月 三 個 月 負責 他 希望 檢測 <X> 看不到 收藏 人 我 擔心 不知道 <BAD> 成功 有 <BAD> 或者 沒 事 希望 全部 沒 事 ,1.0
真 現在 全部 有 一 千 二 百 <MUMBLE> 公司 介紹 計劃 這 喜歡 不喜歡 自 決定 中 區域 宿舍 這 強迫 全部 要 檢測 如果 檢測 不 要 趕走 電視廣播有限公司 報導,真 現在 全部 有 一 千 二 百 <MUMBLE> 公司 介紹 計劃 這 喜歡 不喜歡 自 決定 中 區域 宿舍 這 強迫 全部 要 檢測 如果 檢測 不 要 趕走 電視廣播有限公司 報導,1.0
張 中 懲罰 美國 對於 香港 內地 負責 懲罰,張 中 懲罰 美國 對於 香港 內地 負責 懲罰,1.0
警察 安全 屋 商業 各種 壞心腸 調查 負責 到 到,警察 安全 屋 商業 各種 壞心腸 調查 負責 到 到,1.0
繼續 出任 依然 立 法 會 希望 他 珍惜 這 機會,繼續 出任 依然 立 法 會 希望 他 珍惜 這 機會,1.0
華 醫 屋 過程 有 病 証實 証實 証實 多 政府 負責 説 名字 勇 估 全部 醫 屋 內 感染 感染 現在 這 証實 肺 炎 人 病 護士 醫生 研究 另 病 人 全部 化驗 化驗 沒 事,華 醫 屋 過程 有 病 証實 証實 証實 多 政府 負責 説 名字 勇 估 全部 醫 屋 內 感染 感染 現在 這 証實 肺 炎 人 病 護士 醫生 研究 另 病 人 全部 化驗 化驗 沒 事,1.0
另 剛剛 証實 肺 炎 男 護士 估計 社 區域 傳染 感染 病 病 人 無關,另 剛剛 証實 肺 炎 男 護士 估計 社 區域 傳染 感染 病 病 人 無關,1.0
溫度 二 十 七 至 三 十 一 風 南 東 南,溫度 二 十 七 至 三 十 一 風 南 東 南,1.0
<MUMBLE> 請看 香港 加 六 九 冠狀 肺 炎,<MUMBLE> 請看 香港 加 六 九 冠狀 肺 炎,1.0
一 以前 印尼 宿舍 旺角 九 樓 屋 負責 家 人 有 証實 肺 炎 衞生 防 中 心 這 不 合作 真 警察 部門 聯絡 談 情況 他 登記 登記 登記 記錄 沒,一 以前 印尼 宿舍 旺角 九 樓 屋 負責 家 人 有 証實 肺 炎 衞生 防 中 心 這 不 合作 真 警察 部門 聯絡 談 情況 他 登記 登記 登記 記錄 沒,1.0
 以前 機 隊 男 警察 星期日 証實 肺 炎 數天 後 開始 說 証實 肺 炎 化驗 有 少許 寄信 錯 留意 很久 証實 沒 追 再 原來 漏, 以前 機 隊 男 警察 星期日 証實 肺 炎 數天 後 開始 說 証實 肺 炎 化驗 有 少許 寄信 錯 留意 很久 証實 沒 追 再 原來 漏,1.0
好像 我 好像 街 老鼠 捉 捉 好像 稱呼自己,好像 我 好像 街 老鼠 捉 捉 好像 稱呼自己,1.0
工作 內 限制 內地 限制 嚴 加 不理會 兩 困難 給 回家 安全,工作 內 限制 內地 限制 嚴 加 不理會 兩 困難 給 回家 安全,1.0
肉 貨 公司 名字 丹麥 皇 土生土長 名字 哥 真 根 <X> 超 一 百 幾 <MUMBLE> 肺 炎 以前 六 月 前 貨 香港 有 賣,肉 貨 公司 名字 丹麥 皇 土生土長 名字 哥 真 根 <X> 超 一 百 幾 <MUMBLE> 肺 炎 以前 六 月 前 貨 香港 有 賣,1.0
小心 留意 日期 哪裏來 貨,小心 留意 日期 哪裏來 貨,1.0
政府 有權力的人 林 月 說 鼓勵 參加 這次 八 月 準備 開始 說 免費 檢測 新冠肺炎,政府 有權力的人 林 月 說 鼓勵 參加 繼續 八 月 準備 開始 說 免費 檢測 新冠肺炎,0.9375
<BAD> 林 月 上 網 說 一 月 直至 現在 政府 安排 冠狀 肺 炎 檢測 超 一 百 萬,<BAD> 林 月 上 網 說 一 月 直至 現在 政府 安排 冠狀 肺 炎 檢測 超 一 百 萬,1.0
香港 政府 <MUMBLE> 新 冠狀 肺 炎 影響 嚴重 全世界 本地 香港 經濟 貨 全部 第 一 日期 期間 下降 九 點 一 第 二 日期 下降 九 依然 弱,香港 政府 <MUMBLE> 新 冠狀 肺 炎 影響 嚴重 全世界 本地 香港 經濟 貨 全部 第 一 日期 期間 下降 九 點 一 第 二 日期 下降 九 依然 弱,1.0
全部 計算 完 今 年 頭 七 個 月 全部 工作 六 七 一 萬 人 七 月 工作 失業 六 月 一 樣 五 至 七 百分比,全部 計算 完 今 年 頭 七 個 月 全部 工作 六 七 一 萬 人 七 月 工作 失業 六 月 一 樣 五 至 七 百分比,1.0
最近 情況 社 交流 活動 暫停 完全 不 部分 聚集 <BAD> 喫飯 各種 有 擔心 依然,最近 情況 社 交流 活動 暫停 完全 不 部分 聚集 <BAD> 喫飯 各種 有 擔心 依然,1.0
非 前 <BAD> 血 抽 其實 捉去 危險 高 病 血 抽 擔心 傳染 危險 加 高 抽 血 負責 告訴我,非 前 <BAD> 血 抽 其實 捉去 危險 高 病 血 抽 擔心 傳染 危險 加 高 抽 血 負責 告訴我,1.0
去 去 去 房 去 去 去 傳染 危險,去 去 去 房 去 去 去 傳染 危險,1.0
冠 狀 肺 炎 証明 証實 一 日 下降 七 四,冠 狀 肺 炎 証明 証實 一 日 下降 七 四,1.0
另 四 進來 包括 一 菲律賓 負責 請 另 三 印度 回來 香港 人,另 四 進來 包括 一 菲律賓 負責 請 另 三 印度 回來 香港 人,1.0
給 長 時間 高 危險 工作 負責 錢 資助 緊急 處理 錢 會,給 長 時間 高 危險 工作 負責 錢 資助 緊急 處理 錢 會,1.0
經濟 <BAD> 下降 <MUMBLE> 要 考慮 內地  周轉 希望 健康 號碼 快 掃描二維碼 開始 說,經濟 <BAD> 下降 <MUMBLE> 要 考慮 內地  周轉 希望 健康 號碼 快 掃描二維碼 開始 說,1.0
這 政府 負責 運輸 屋 再 船 這 公司 <MUMBLE> 開會 休息 安排 談,這 政府 負責 運輸 屋 再 船 這 公司 <MUMBLE> 開會 休息 安排 談,1.0
